sector_id,sector_name,sector_color,quarter,gnpa_ratio,net_npa_ratio,sma_ratio,credit_growth_yoy,credit_to_gdp_gap,interest_coverage_ratio,restructured_assets_pct,index_return_1q,index_return_4q,drawdown_52w,price_to_book,implied_vol,fii_flow_qoq,index_level,repo_rate,cpi_inflation,gdp_growth_yoy,iip_growth,current_account_deficit_pct_gdp,capacity_utilisation,business_confidence_index,gst_eway_bill_growth,pmi_manufacturing,pmi_services
auto,Auto & Auto-Anc.,#14b8a6,2018Q1,5.52,3.0,3.91,7.75,0.49,2.43,1.13,0.21,0.21,-12.42,1.9,33.45,919.67,13528.2,5.27,5.59,6.03,6.18,2.3,72.39,105.72,8.43,52.24,53.57
auto,Auto & Auto-Anc.,#14b8a6,2018Q2,5.47,2.94,3.91,7.85,0.98,2.58,1.14,-1.3,-1.09,-12.91,1.71,33.06,1023.91,13351.88,5.46,5.28,6.72,6.65,2.41,73.09,105.79,9.57,53.21,54.27
auto,Auto & Auto-Anc.,#14b8a6,2018Q3,5.56,3.24,3.96,9.61,0.9,2.66,1.26,1.05,-0.04,-8.5,1.66,32.87,944.48,13492.48,5.87,5.31,7.18,6.9,2.41,73.63,105.38,10.86,53.55,54.45
auto,Auto & Auto-Anc.,#14b8a6,2018Q4,5.31,3.08,3.76,9.05,0.93,2.56,0.9,-0.51,-0.56,-10.69,1.82,35.01,1315.68,13423.0,6.09,5.17,7.51,6.9,2.44,74.47,106.0,10.98,53.92,54.88
auto,Auto & Auto-Anc.,#14b8a6,2019Q1,5.22,2.84,3.89,9.1,0.08,2.64,1.01,-2.51,-3.28,-11.31,1.88,31.38,688.41,13085.66,5.99,5.25,7.65,5.53,2.34,74.64,103.86,10.31,54.48,54.49
auto,Auto & Auto-Anc.,#14b8a6,2019Q2,5.29,2.77,3.48,9.59,-0.07,2.77,0.78,-0.61,-2.58,-8.41,1.64,33.05,969.72,13005.94,6.08,5.08,7.63,4.67,2.2,74.9,102.77,9.41,53.41,53.75
auto,Auto & Auto-Anc.,#14b8a6,2019Q3,5.26,2.95,3.72,8.31,-0.99,2.66,0.88,0.48,-3.15,-8.27,1.88,31.57,536.36,13068.99,6.15,4.57,7.2,3.7,2.14,73.6,99.25,6.85,52.71,52.9
auto,Auto & Auto-Anc.,#14b8a6,2019Q4,5.97,3.13,4.23,9.09,-1.6,2.29,1.13,0.96,-1.68,-13.91,1.51,34.95,585.11,13193.97,5.97,4.17,6.87,3.03,1.84,72.92,87.82,6.01,52.39,52.19
auto,Auto & Auto-Anc.,#14b8a6,2020Q1,6.42,3.53,4.54,7.54,-1.6,2.47,1.37,-2.71,-1.88,-13.33,1.65,34.18,127.28,12836.01,5.79,3.97,5.38,0.09,1.73,68.88,86.02,-6.69,47.61,48.52
auto,Auto & Auto-Anc.,#14b8a6,2020Q2,6.88,3.98,4.66,6.61,-2.95,2.3,1.28,-3.77,-5.04,-15.14,1.49,37.23,-555.55,12352.24,5.46,4.13,4.75,-0.33,1.56,67.52,87.82,-6.57,46.35,48.02
auto,Auto & Auto-Anc.,#14b8a6,2020Q3,5.89,3.41,4.16,8.92,-2.6,2.51,1.32,-1.38,-6.91,-12.97,1.85,33.13,195.33,12181.42,5.32,4.16,4.13,0.57,1.46,66.63,87.85,-4.38,46.34,48.01
auto,Auto & Auto-Anc.,#14b8a6,2020Q4,5.69,3.06,3.64,9.14,-3.1,2.66,1.09,1.25,-6.61,-12.87,1.64,32.85,369.09,12334.0,5.04,4.25,3.87,5.5,1.28,66.01,87.01,-2.77,46.7,47.79
auto,Auto & Auto-Anc.,#14b8a6,2021Q1,5.24,3.08,3.75,10.12,-1.54,2.72,0.89,-2.87,-6.77,-10.42,1.89,30.69,628.55,11980.48,4.74,4.25,5.14,5.78,1.32,69.07,96.46,9.66,51.74,52.38
auto,Auto & Auto-Anc.,#14b8a6,2021Q2,5.2,2.91,3.63,10.55,-1.18,2.68,0.6,-2.9,-5.9,-8.01,1.92,32.58,1743.41,11632.59,4.65,4.7,5.42,7.07,1.21,68.1,100.26,11.48,52.06,52.89
auto,Auto & Auto-Anc.,#14b8a6,2021Q3,4.89,2.69,3.52,11.52,-0.07,2.73,0.77,-2.37,-6.89,-7.75,1.78,31.17,911.62,11356.62,4.51,4.96,5.45,6.67,1.11,69.13,100.25,12.4,53.03,53.23
auto,Auto & Auto-Anc.,#14b8a6,2021Q4,5.01,2.86,3.57,9.53,0.08,2.64,0.79,-0.2,-8.34,-11.73,1.82,32.31,809.62,11333.95,4.4,5.23,5.82,6.82,1.16,69.31,102.55,10.15,53.9,53.92
auto,Auto & Auto-Anc.,#14b8a6,2022Q1,5.42,2.99,3.75,8.28,0.8,2.48,0.99,-3.01,-8.48,-12.15,1.77,31.81,611.6,10993.24,4.59,5.51,5.92,5.81,1.64,70.98,105.51,11.0,54.23,54.44
auto,Auto & Auto-Anc.,#14b8a6,2022Q2,5.38,3.07,3.81,8.95,0.61,2.48,1.08,-1.71,-7.29,-15.16,1.73,31.35,1554.79,10805.36,4.65,6.04,6.45,5.1,1.76,71.92,105.38,7.4,54.08,54.51
auto,Auto & Auto-Anc.,#14b8a6,2022Q3,5.51,3.18,4.09,8.44,0.78,2.62,0.94,-3.54,-8.45,-12.91,1.82,32.68,785.62,10423.13,5.49,6.05,6.95,4.61,1.94,72.82,105.62,5.09,53.73,54.28
auto,Auto & Auto-Anc.,#14b8a6,2022Q4,7.29,4.27,5.02,7.82,-0.06,2.46,1.74,-3.58,-11.83,-18.37,1.35,34.79,-204.85,10050.31,5.7,5.77,7.08,2.67,2.13,73.79,104.48,3.31,52.82,53.9
auto,Auto & Auto-Anc.,#14b8a6,2023Q1,6.13,3.57,4.39,7.43,0.8,2.56,1.77,-1.02,-9.85,-16.22,1.66,35.22,243.84,9947.6,5.98,5.55,7.49,3.3,2.13,74.2,103.21,2.64,52.18,53.29
auto,Auto & Auto-Anc.,#14b8a6,2023Q2,5.64,3.3,3.87,9.19,0.72,2.54,0.88,-1.14,-9.27,-14.01,1.64,32.49,511.03,9834.48,6.22,5.33,7.35,3.41,2.19,74.85,101.99,4.75,51.37,52.72
auto,Auto & Auto-Anc.,#14b8a6,2023Q3,4.97,2.64,3.66,10.19,-0.02,2.6,0.79,2.94,-2.79,-8.64,1.78,31.62,545.3,10124.05,6.61,4.68,7.37,3.72,2.26,74.39,98.51,7.96,50.88,52.4
auto,Auto & Auto-Anc.,#14b8a6,2023Q4,5.09,2.65,3.73,9.41,-0.54,2.65,0.74,1.78,2.56,-8.17,1.96,32.84,1485.58,10303.85,6.67,4.67,7.18,4.33,2.54,73.6,96.95,10.84,50.5,51.17
auto,Auto & Auto-Anc.,#14b8a6,2024Q1,4.83,2.62,3.3,10.47,-0.47,2.62,0.49,-0.15,3.44,-6.34,1.94,31.47,1750.65,10288.72,6.74,4.53,6.7,6.03,2.58,72.73,93.05,10.86,50.85,51.46
auto,Auto & Auto-Anc.,#14b8a6,2024Q2,5.12,2.91,3.69,10.1,-1.42,2.61,0.65,2.45,7.02,-7.71,1.97,31.2,1126.92,10540.83,6.74,4.5,6.69,6.54,2.68,72.18,94.18,11.32,51.48,51.64
auto,Auto & Auto-Anc.,#14b8a6,2024Q3,5.28,2.94,3.4,9.3,-1.5,2.58,0.57,1.75,5.83,-7.41,1.87,30.87,1525.47,10724.99,6.71,4.69,6.07,7.2,2.71,71.54,93.71,9.55,52.1,52.02
auto,Auto & Auto-Anc.,#14b8a6,2024Q4,5.41,2.97,3.75,9.2,-2.38,2.65,0.79,-3.59,0.46,-8.48,1.88,32.37,995.48,10340.26,6.52,5.22,5.8,6.89,2.74,69.97,94.48,9.43,52.98,52.44
auto,Auto & Auto-Anc.,#14b8a6,2025Q1,5.55,3.18,3.78,8.59,-1.56,2.4,1.07,-3.63,-3.02,-10.8,1.75,29.8,757.1,9965.32,6.28,5.07,5.61,6.9,2.78,69.0,96.6,6.79,53.66,52.81
auto,Auto & Auto-Anc.,#14b8a6,2025Q2,5.11,2.73,3.85,9.72,-1.82,2.54,1.22,1.69,-3.77,-9.38,1.68,32.77,670.11,10133.85,6.01,5.69,5.43,5.08,2.66,68.58,99.31,4.56,54.1,53.84
banking,Banking & Finance,#3b82f6,2018Q1,7.86,4.56,4.88,7.5,0.85,1.98,1.07,-0.03,-0.03,-9.21,0.95,24.93,1274.62,14994.81,5.27,5.59,6.03,6.18,2.3,72.39,105.72,10.15,52.24,53.57
banking,Banking & Finance,#3b82f6,2018Q2,7.53,4.23,4.7,7.39,0.99,1.89,1.2,1.6,1.57,-14.61,1.09,30.29,892.64,15234.98,5.46,5.28,6.72,6.65,2.41,73.09,105.79,8.91,53.21,54.27
banking,Banking & Finance,#3b82f6,2018Q3,7.51,4.21,4.5,7.86,0.7,2.14,1.08,2.99,4.56,-13.4,1.09,28.09,633.65,15690.44,5.87,5.31,7.18,6.9,2.41,73.63,105.38,11.06,53.55,54.45
banking,Banking & Finance,#3b82f6,2018Q4,8.92,4.9,5.36,5.72,-0.33,1.8,1.58,-5.46,-0.9,-18.55,0.88,29.2,-854.18,14833.65,6.09,5.17,7.51,6.9,2.44,74.47,106.0,10.11,53.92,54.88
banking,Banking & Finance,#3b82f6,2019Q1,9.48,5.13,5.82,5.09,-0.75,1.92,1.97,-5.4,-6.27,-18.8,0.77,32.0,238.53,14032.11,5.99,5.25,7.65,5.53,2.34,74.64,103.86,7.96,54.48,54.49
banking,Banking & Finance,#3b82f6,2019Q2,9.47,5.05,6.1,5.17,-1.75,1.66,2.03,-7.35,-15.22,-17.37,0.5,30.55,-751.82,13000.81,6.08,5.08,7.63,4.67,2.2,74.9,102.77,6.12,53.41,53.75
banking,Banking & Finance,#3b82f6,2019Q3,8.66,4.78,5.47,5.97,-2.06,1.7,1.67,-4.02,-22.23,-18.77,0.73,30.85,-122.49,12478.07,6.15,4.57,7.2,3.7,2.14,73.6,99.25,6.01,52.71,52.9
banking,Banking & Finance,#3b82f6,2019Q4,7.66,4.05,4.68,7.32,-2.16,1.86,0.97,-1.14,-17.92,-13.33,0.94,27.84,1258.61,12335.46,5.97,4.17,6.87,3.03,1.84,72.92,87.82,4.53,52.39,52.19
banking,Banking & Finance,#3b82f6,2020Q1,6.84,3.88,4.5,8.12,-1.96,1.9,0.78,-0.04,-12.55,-10.33,1.17,26.66,877.5,12330.36,5.79,3.97,5.38,0.09,1.73,68.88,86.02,-5.91,47.61,48.52
banking,Banking & Finance,#3b82f6,2020Q2,6.99,3.65,4.13,6.84,-1.89,2.11,0.68,-1.78,-6.99,-8.59,1.25,28.54,1063.69,12110.37,5.46,4.13,4.75,-0.33,1.56,67.52,87.82,-5.94,46.35,48.02
banking,Banking & Finance,#3b82f6,2020Q3,6.81,3.66,4.25,7.43,-1.43,2.14,0.99,0.01,-2.96,-7.82,1.2,27.14,1281.03,12111.75,5.32,4.16,4.13,0.57,1.46,66.63,87.85,-3.93,46.34,48.01
banking,Banking & Finance,#3b82f6,2020Q4,7.17,3.77,4.49,6.82,-1.78,1.95,0.73,3.77,1.95,-6.36,1.25,27.04,1273.63,12568.2,5.04,4.25,3.87,5.5,1.28,66.01,87.01,-2.18,46.7,47.79
banking,Banking & Finance,#3b82f6,2021Q1,6.93,3.94,4.37,8.3,-1.68,2.01,0.81,4.05,6.05,-7.54,1.16,26.78,871.15,13077.67,4.74,4.25,5.14,5.78,1.32,69.07,96.46,10.06,51.74,52.38
banking,Banking & Finance,#3b82f6,2021Q2,6.9,3.72,4.26,7.21,-0.47,2.03,0.69,0.22,8.06,-7.93,1.21,28.08,811.91,13106.83,4.65,4.7,5.42,7.07,1.21,68.1,100.26,9.97,52.06,52.89
banking,Banking & Finance,#3b82f6,2021Q3,6.94,3.8,4.42,8.79,0.38,1.98,0.78,-1.19,6.86,-9.47,1.1,26.24,877.92,12951.08,4.51,4.96,5.45,6.67,1.11,69.13,100.25,11.16,53.03,53.23
banking,Banking & Finance,#3b82f6,2021Q4,7.09,4.13,4.41,8.12,0.65,1.91,0.9,0.42,3.51,-12.21,0.94,24.83,850.57,13005.35,4.4,5.23,5.82,6.82,1.16,69.31,102.55,10.73,53.9,53.92
banking,Banking & Finance,#3b82f6,2022Q1,7.16,4.09,4.16,8.29,1.54,1.91,0.9,-3.01,-3.55,-11.65,1.08,28.73,1658.37,12614.37,4.59,5.51,5.92,5.81,1.64,70.98,105.51,10.54,54.23,54.44
banking,Banking & Finance,#3b82f6,2022Q2,7.59,4.14,4.88,8.05,1.24,2.05,1.35,-0.46,-4.24,-11.54,1.18,26.7,804.76,12556.38,4.65,6.04,6.45,5.1,1.76,71.92,105.38,8.83,54.08,54.51
banking,Banking & Finance,#3b82f6,2022Q3,7.48,4.09,4.68,8.12,1.25,1.85,1.15,-2.61,-5.66,-13.79,1.05,27.65,711.41,12228.54,5.49,6.05,6.95,4.61,1.94,72.82,105.62,5.21,53.73,54.28
banking,Banking & Finance,#3b82f6,2022Q4,8.01,4.46,5.01,6.58,0.68,1.82,1.49,-2.06,-8.14,-17.4,0.76,28.98,373.78,11976.48,5.7,5.77,7.08,2.67,2.13,73.79,104.48,3.58,52.82,53.9
banking,Banking & Finance,#3b82f6,2023Q1,8.5,4.95,5.46,5.37,-0.39,1.77,1.56,0.14,-5.0,-15.81,0.67,27.47,5.29,11992.67,5.98,5.55,7.49,3.3,2.13,74.2,103.21,2.45,52.18,53.29
banking,Banking & Finance,#3b82f6,2023Q2,8.75,4.71,5.49,5.97,-0.93,1.72,1.72,-4.05,-8.58,-15.57,0.82,29.96,695.25,11507.46,6.22,5.33,7.35,3.41,2.19,74.85,101.99,3.77,51.37,52.72
banking,Banking & Finance,#3b82f6,2023Q3,8.59,5.01,5.17,6.06,-1.52,1.78,1.46,0.54,-5.44,-15.28,1.0,30.4,1026.44,11569.19,6.61,4.68,7.37,3.72,2.26,74.39,98.51,7.1,50.88,52.4
banking,Banking & Finance,#3b82f6,2023Q4,7.76,4.17,4.77,6.59,-1.49,1.89,1.07,3.65,0.28,-12.29,1.08,27.38,928.23,11991.61,6.67,4.67,7.18,4.33,2.54,73.6,96.95,9.82,50.5,51.17
banking,Banking & Finance,#3b82f6,2024Q1,7.08,3.92,4.6,8.03,-1.66,1.89,0.86,2.45,2.6,-8.34,1.16,27.74,1330.28,12285.82,6.74,4.53,6.7,6.03,2.58,72.73,93.05,11.01,50.85,51.46
banking,Banking & Finance,#3b82f6,2024Q2,7.04,3.93,4.43,5.94,-2.06,1.69,0.66,0.75,7.39,-8.49,1.05,25.81,1703.06,12377.64,6.74,4.5,6.69,6.54,2.68,72.18,94.18,10.82,51.48,51.64
banking,Banking & Finance,#3b82f6,2024Q3,7.46,4.27,4.62,8.6,-2.26,1.87,0.88,-1.29,5.56,-12.0,1.11,25.88,1278.55,12217.84,6.71,4.69,6.07,7.2,2.71,71.54,93.71,9.65,52.1,52.02
banking,Banking & Finance,#3b82f6,2024Q4,6.99,3.94,4.4,8.02,-2.51,1.88,1.02,-2.27,-0.36,-12.43,1.17,27.31,196.4,11940.6,6.52,5.22,5.8,6.89,2.74,69.97,94.48,9.72,52.98,52.44
banking,Banking & Finance,#3b82f6,2025Q1,7.41,4.29,4.68,6.44,-1.76,1.91,0.93,-0.88,-3.69,-7.7,1.24,28.76,597.95,11835.47,6.28,5.07,5.61,6.9,2.78,69.0,96.6,7.21,53.66,52.81
banking,Banking & Finance,#3b82f6,2025Q2,7.55,4.19,4.71,7.79,-1.4,1.87,1.0,-0.89,-5.33,-10.89,1.1,28.25,361.61,11729.67,6.01,5.69,5.43,5.08,2.66,68.58,99.31,5.88,54.1,53.84
fmcg,FMCG,#06b6d4,2018Q1,2.27,1.18,2.57,8.21,0.04,3.95,1.11,-2.78,-2.78,-9.75,3.69,18.93,597.84,17013.05,5.27,5.59,6.03,6.18,2.3,72.39,105.72,10.94,52.24,53.57
fmcg,FMCG,#06b6d4,2018Q2,2.12,1.11,2.38,8.69,1.93,4.09,0.87,0.72,-2.06,-13.21,3.73,22.28,1147.04,17136.11,5.46,5.28,6.72,6.65,2.41,73.09,105.79,9.7,53.21,54.27
fmcg,FMCG,#06b6d4,2018Q3,1.99,1.06,2.32,8.36,0.89,4.04,0.93,1.29,-0.77,-7.69,3.77,18.14,825.62,17356.51,5.87,5.31,7.18,6.9,2.41,73.63,105.38,12.74,53.55,54.45
fmcg,FMCG,#06b6d4,2018Q4,1.77,1.03,2.18,8.24,0.99,4.08,0.87,2.26,1.49,-7.94,3.77,18.53,1130.8,17749.16,6.09,5.17,7.51,6.9,2.44,74.47,106.0,11.98,53.92,54.88
fmcg,FMCG,#06b6d4,2019Q1,2.1,1.15,2.04,8.57,1.67,4.11,0.66,5.08,9.35,-9.06,3.79,19.98,1456.44,18650.92,5.99,5.25,7.65,5.53,2.34,74.64,103.86,10.93,54.48,54.49
fmcg,FMCG,#06b6d4,2019Q2,2.37,1.34,2.48,9.45,0.62,4.2,0.68,3.4,12.02,-11.59,3.61,19.7,1324.6,19284.24,6.08,5.08,7.63,4.67,2.2,74.9,102.77,9.55,53.41,53.75
fmcg,FMCG,#06b6d4,2019Q3,2.01,1.19,2.34,8.89,0.55,4.16,0.82,3.47,14.21,-7.96,3.84,19.53,1641.63,19953.61,6.15,4.57,7.2,3.7,2.14,73.6,99.25,8.51,52.71,52.9
fmcg,FMCG,#06b6d4,2019Q4,2.08,1.22,2.2,10.41,-0.12,4.24,0.63,9.01,20.96,-8.92,3.81,18.89,1978.13,21752.37,5.97,4.17,6.87,3.03,1.84,72.92,87.82,8.81,52.39,52.19
fmcg,FMCG,#06b6d4,2020Q1,1.72,1.01,2.14,9.35,-1.0,4.17,0.73,3.68,19.56,-6.8,3.88,18.35,1608.45,22552.2,5.79,3.97,5.38,0.09,1.73,68.88,86.02,-4.27,47.61,48.52
fmcg,FMCG,#06b6d4,2020Q2,1.68,0.96,1.89,8.96,-1.27,4.07,0.63,0.83,17.0,-4.17,3.85,17.87,1447.29,22740.29,5.46,4.13,4.75,-0.33,1.56,67.52,87.82,-5.15,46.35,48.02
fmcg,FMCG,#06b6d4,2020Q3,1.65,0.89,1.72,9.65,-1.15,4.03,0.54,2.62,16.15,-7.11,3.96,17.31,1151.31,23336.19,5.32,4.16,4.13,0.57,1.46,66.63,87.85,-2.92,46.34,48.01
fmcg,FMCG,#06b6d4,2020Q4,1.9,1.0,2.05,7.99,-2.38,4.08,0.79,0.49,7.62,-7.45,3.93,18.09,1090.06,23449.63,5.04,4.25,3.87,5.5,1.28,66.01,87.01,-1.0,46.7,47.79
fmcg,FMCG,#06b6d4,2021Q1,2.15,1.24,2.31,8.43,-2.24,4.18,0.56,-1.61,2.33,-7.63,3.87,18.17,505.31,23073.02,4.74,4.25,5.14,5.78,1.32,69.07,96.46,11.15,51.74,52.38
fmcg,FMCG,#06b6d4,2021Q2,2.14,1.22,2.27,8.62,-2.14,4.19,0.64,-0.86,0.64,-5.62,3.77,18.08,1222.83,22875.27,4.65,4.7,5.42,7.07,1.21,68.1,100.26,11.94,52.06,52.89
fmcg,FMCG,#06b6d4,2021Q3,1.99,1.09,2.22,7.16,-1.41,4.05,0.72,0.68,-1.3,-8.17,3.8,19.74,914.91,23030.27,4.51,4.96,5.45,6.67,1.11,69.13,100.25,12.42,53.03,53.23
fmcg,FMCG,#06b6d4,2021Q4,2.47,1.38,2.38,7.91,-0.89,3.99,0.64,3.22,1.44,-6.95,3.86,16.77,2073.75,23772.45,4.4,5.23,5.82,6.82,1.16,69.31,102.55,11.7,53.9,53.92
fmcg,FMCG,#06b6d4,2022Q1,2.33,1.25,2.47,8.07,-0.35,4.01,0.85,1.41,4.45,-12.95,3.84,19.49,855.13,24107.65,4.59,5.51,5.92,5.81,1.64,70.98,105.51,11.7,54.23,54.44
fmcg,FMCG,#06b6d4,2022Q2,2.17,1.25,2.1,8.94,0.37,4.04,0.78,2.22,7.53,-12.59,3.64,19.01,1453.26,24642.05,4.65,6.04,6.45,5.1,1.76,71.92,105.38,9.39,54.08,54.51
fmcg,FMCG,#06b6d4,2022Q3,1.99,1.17,2.32,9.12,0.63,4.03,0.63,3.78,10.63,-8.92,3.72,19.63,1616.53,25573.12,5.49,6.05,6.95,4.61,1.94,72.82,105.62,5.43,53.73,54.28
fmcg,FMCG,#06b6d4,2022Q4,1.96,1.09,2.47,9.54,0.37,3.97,0.87,1.2,8.61,-11.9,3.89,20.12,1567.77,25881.19,5.7,5.77,7.08,2.67,2.13,73.79,104.48,5.32,52.82,53.9
fmcg,FMCG,#06b6d4,2023Q1,2.07,1.15,2.18,9.64,0.86,4.24,0.73,3.94,11.14,-9.94,3.73,17.61,1867.0,26900.66,5.98,5.55,7.49,3.3,2.13,74.2,103.21,5.32,52.18,53.29
fmcg,FMCG,#06b6d4,2023Q2,1.83,1.03,1.94,9.04,1.21,4.04,0.86,1.2,10.12,-5.57,3.78,19.12,1726.1,27222.37,6.22,5.33,7.35,3.41,2.19,74.85,101.99,6.12,51.37,52.72
fmcg,FMCG,#06b6d4,2023Q3,2.14,1.16,2.3,8.33,1.01,4.0,0.79,1.32,7.66,-6.74,3.95,20.09,2070.89,27582.9,6.61,4.68,7.37,3.72,2.26,74.39,98.51,8.6,50.88,52.4
fmcg,FMCG,#06b6d4,2023Q4,1.71,0.92,2.08,8.95,0.13,4.05,0.39,1.08,7.53,-10.11,3.91,18.84,2605.28,27879.53,6.67,4.67,7.18,4.33,2.54,73.6,96.95,12.29,50.5,51.17
fmcg,FMCG,#06b6d4,2024Q1,1.79,1.06,1.88,7.91,0.07,3.86,0.61,-0.3,3.29,-6.96,3.76,19.08,1575.12,27795.37,6.74,4.53,6.7,6.03,2.58,72.73,93.05,12.67,50.85,51.46
fmcg,FMCG,#06b6d4,2024Q2,1.92,1.1,2.1,7.54,-0.62,4.07,0.97,0.81,2.91,-8.18,3.78,19.1,1613.79,28021.28,6.74,4.5,6.69,6.54,2.68,72.18,94.18,12.48,51.48,51.64
fmcg,FMCG,#06b6d4,2024Q3,2.04,1.14,2.26,8.74,-1.3,3.99,0.88,1.7,3.28,-6.39,3.8,20.61,1785.09,28497.12,6.71,4.69,6.07,7.2,2.71,71.54,93.71,10.93,52.1,52.02
fmcg,FMCG,#06b6d4,2024Q4,1.97,1.13,2.06,8.88,-1.65,4.03,0.61,3.85,6.06,-6.85,3.85,17.83,2011.24,29594.71,6.52,5.22,5.8,6.89,2.74,69.97,94.48,10.66,52.98,52.44
fmcg,FMCG,#06b6d4,2025Q1,2.02,1.08,2.4,7.78,-2.37,3.94,0.74,0.97,7.33,-8.77,3.64,19.24,923.85,29880.55,6.28,5.07,5.61,6.9,2.78,69.0,96.6,7.89,53.66,52.81
fmcg,FMCG,#06b6d4,2025Q2,2.26,1.21,2.47,7.78,-1.7,4.07,0.73,0.22,6.73,-8.14,3.73,19.41,1386.06,29945.45,6.01,5.69,5.43,5.08,2.66,68.58,99.31,6.57,54.1,53.84
infrastructure,Infrastructure,#f97316,2018Q1,12.91,6.8,7.2,1.44,0.39,0.95,1.47,-2.51,-2.51,-15.22,0.45,31.95,-78.03,7799.31,5.27,5.59,6.03,6.18,2.3,72.39,105.72,7.12,52.24,53.57
infrastructure,Infrastructure,#f97316,2018Q2,13.55,7.44,7.61,-1.33,-0.0,1.01,1.78,-1.47,-3.98,-20.7,0.45,33.92,-290.56,7684.71,5.46,5.28,6.72,6.65,2.41,73.09,105.79,6.72,53.21,54.27
infrastructure,Infrastructure,#f97316,2018Q3,14.99,8.84,8.55,-2.44,-1.22,0.66,2.31,-3.73,-7.71,-19.87,0.45,36.32,-565.13,7397.77,5.87,5.31,7.18,6.9,2.41,73.63,105.38,8.45,53.55,54.45
infrastructure,Infrastructure,#f97316,2018Q4,15.86,9.25,9.06,-4.6,-2.41,0.73,2.58,-7.67,-15.38,-23.2,0.45,38.57,-1745.2,6830.64,6.09,5.17,7.51,6.9,2.44,74.47,106.0,6.48,53.92,54.88
infrastructure,Infrastructure,#f97316,2019Q1,16.48,8.79,9.12,-6.25,-3.49,0.65,2.52,-10.14,-23.01,-23.66,0.45,37.7,-1684.46,6137.86,5.99,5.25,7.65,5.53,2.34,74.64,103.86,5.93,54.48,54.49
infrastructure,Infrastructure,#f97316,2019Q2,16.83,9.44,9.48,-5.32,-3.22,0.49,2.82,-12.58,-34.12,-23.04,0.45,38.14,-1658.09,5365.96,6.08,5.08,7.63,4.67,2.2,74.9,102.77,4.52,53.41,53.75
infrastructure,Infrastructure,#f97316,2019Q3,16.1,8.99,9.1,-4.21,-3.7,0.63,2.37,-11.97,-42.35,-27.45,0.45,38.96,-873.1,4723.86,6.15,4.57,7.2,3.7,2.14,73.6,99.25,2.07,52.71,52.9
infrastructure,Infrastructure,#f97316,2019Q4,14.74,8.03,8.22,-2.1,-3.97,0.88,1.96,-7.83,-42.52,-23.85,0.45,36.2,-1153.31,4353.79,5.97,4.17,6.87,3.03,1.84,72.92,87.82,2.13,52.39,52.19
infrastructure,Infrastructure,#f97316,2020Q1,12.6,6.59,7.04,-0.49,-2.57,0.99,1.46,-6.24,-38.62,-15.42,0.45,32.66,-151.5,4082.05,5.79,3.97,5.38,0.09,1.73,68.88,86.02,-9.09,47.61,48.52
infrastructure,Infrastructure,#f97316,2020Q2,11.6,6.65,6.41,3.33,-2.3,1.24,1.23,-6.26,-32.3,-10.6,0.45,30.24,640.52,3826.57,5.46,4.13,4.75,-0.33,1.56,67.52,87.82,-7.87,46.35,48.02
infrastructure,Infrastructure,#f97316,2020Q3,11.11,5.84,6.34,2.21,-1.03,1.23,0.96,-1.58,-21.91,-13.59,0.67,31.56,-395.61,3766.2,5.32,4.16,4.13,0.57,1.46,66.63,87.85,-6.19,46.34,48.01
infrastructure,Infrastructure,#f97316,2020Q4,11.09,6.34,6.03,4.75,-0.77,1.16,0.98,-0.95,-15.03,-13.33,0.62,29.04,-519.91,3730.45,5.04,4.25,3.87,5.5,1.28,66.01,87.01,-4.0,46.7,47.79
infrastructure,Infrastructure,#f97316,2021Q1,10.5,5.96,5.77,3.98,0.71,1.31,0.96,-1.31,-10.09,-11.56,0.68,28.73,1044.17,3681.62,4.74,4.25,5.14,5.78,1.32,69.07,96.46,8.06,51.74,52.38
infrastructure,Infrastructure,#f97316,2021Q2,10.46,5.52,5.82,4.82,0.57,1.34,0.75,2.17,-1.67,-8.68,0.7,29.02,1254.99,3761.43,4.65,4.7,5.42,7.07,1.21,68.1,100.26,9.11,52.06,52.89
infrastructure,Infrastructure,#f97316,2021Q3,10.36,5.41,5.95,4.55,1.39,1.23,0.83,2.98,2.89,-8.02,0.73,28.74,992.06,3873.68,4.51,4.96,5.45,6.67,1.11,69.13,100.25,10.2,53.03,53.23
infrastructure,Infrastructure,#f97316,2021Q4,11.18,5.83,6.26,3.41,0.84,1.17,1.12,-0.86,2.99,-10.72,0.68,30.67,800.52,3840.5,4.4,5.23,5.82,6.82,1.16,69.31,102.55,9.36,53.9,53.92
infrastructure,Infrastructure,#f97316,2022Q1,12.92,7.56,7.49,0.65,0.47,1.1,1.59,-7.28,-2.99,-13.34,0.45,31.35,322.06,3560.82,4.59,5.51,5.92,5.81,1.64,70.98,105.51,8.61,54.23,54.44
infrastructure,Infrastructure,#f97316,2022Q2,14.13,8.32,8.05,-1.57,0.65,0.91,1.99,-8.86,-14.02,-18.1,0.45,34.59,-1096.48,3245.19,4.65,6.04,6.45,5.1,1.76,71.92,105.38,5.3,54.08,54.51
infrastructure,Infrastructure,#f97316,2022Q3,15.93,9.24,8.8,-4.0,-1.67,0.73,2.42,-8.42,-25.42,-24.21,0.45,36.18,-1392.19,2972.02,5.49,6.05,6.95,4.61,1.94,72.82,105.62,1.33,53.73,54.28
infrastructure,Infrastructure,#f97316,2022Q4,16.77,8.93,9.37,-5.9,-1.27,0.65,3.0,-12.18,-36.75,-28.29,0.45,38.7,-1687.0,2609.98,5.7,5.77,7.08,2.67,2.13,73.79,104.48,-0.07,52.82,53.9
infrastructure,Infrastructure,#f97316,2023Q1,17.24,9.01,9.63,-6.51,-1.4,0.63,3.02,-11.61,-41.07,-30.66,0.45,37.39,-2726.5,2306.98,5.98,5.55,7.49,3.3,2.13,74.2,103.21,-0.28,52.18,53.29
infrastructure,Infrastructure,#f97316,2023Q2,17.94,9.98,10.11,-8.48,-2.8,0.6,3.15,-11.18,-43.38,-29.23,0.45,36.93,-2550.35,2049.17,6.22,5.33,7.35,3.41,2.19,74.85,101.99,0.25,51.37,52.72
infrastructure,Infrastructure,#f97316,2023Q3,17.06,9.32,9.69,-8.97,-3.83,0.63,2.96,-10.89,-45.86,-27.48,0.45,39.46,-2222.04,1825.98,6.61,4.68,7.37,3.72,2.26,74.39,98.51,2.6,50.88,52.4
infrastructure,Infrastructure,#f97316,2023Q4,16.67,9.57,9.46,-6.32,-3.66,0.67,2.77,-7.42,-41.1,-24.46,0.45,35.69,-1335.6,1800.0,6.67,4.67,7.18,4.33,2.54,73.6,96.95,5.66,50.5,51.17
infrastructure,Infrastructure,#f97316,2024Q1,15.63,8.85,8.96,-5.54,-3.78,0.73,2.37,-9.02,-38.51,-23.93,0.45,37.33,-1316.58,1800.0,6.74,4.53,6.7,6.03,2.58,72.73,93.05,6.27,50.85,51.46
infrastructure,Infrastructure,#f97316,2024Q2,14.66,8.06,8.24,-2.7,-3.03,0.86,2.14,-6.31,-33.64,-22.07,0.45,34.89,-894.03,1800.0,6.74,4.5,6.69,6.54,2.68,72.18,94.18,8.68,51.48,51.64
infrastructure,Infrastructure,#f97316,2024Q3,13.33,7.32,7.62,-0.74,-1.64,0.9,1.77,-6.81,-29.56,-18.5,0.45,34.42,-428.72,1800.0,6.71,4.69,6.07,7.2,2.71,71.54,93.71,7.45,52.1,52.02
infrastructure,Infrastructure,#f97316,2024Q4,12.45,7.29,7.29,1.32,-1.93,1.0,1.32,-3.5,-25.64,-15.63,0.47,32.06,194.44,1800.0,6.52,5.22,5.8,6.89,2.74,69.97,94.48,6.89,52.98,52.44
infrastructure,Infrastructure,#f97316,2025Q1,11.65,6.79,6.59,2.59,-1.16,1.21,1.15,-4.67,-21.29,-14.94,0.64,32.06,449.68,1800.0,6.28,5.07,5.61,6.9,2.78,69.0,96.6,5.89,53.66,52.81
infrastructure,Infrastructure,#f97316,2025Q2,12.31,7.2,6.71,2.19,-0.51,1.08,1.2,-5.26,-20.23,-11.91,0.55,31.83,409.97,1800.0,6.01,5.69,5.43,5.08,2.66,68.58,99.31,4.16,54.1,53.84
it,IT & Technology,#22c55e,2018Q1,0.9,0.48,1.9,13.05,-0.19,5.16,0.94,-2.75,-2.75,-11.36,4.43,22.46,589.26,21394.48,5.27,5.59,6.03,6.18,2.3,72.39,105.72,9.79,52.24,53.57
it,IT & Technology,#22c55e,2018Q2,0.76,0.43,1.75,13.15,0.5,5.32,0.81,0.64,-2.12,-10.17,4.55,20.84,1738.38,21530.7,5.46,5.28,6.72,6.65,2.41,73.09,105.79,8.92,53.21,54.27
it,IT & Technology,#22c55e,2018Q3,0.67,0.39,1.75,11.2,1.27,5.16,1.04,0.11,-2.01,-9.07,4.44,19.61,989.28,21553.34,5.87,5.31,7.18,6.9,2.41,73.63,105.38,11.3,53.55,54.45
it,IT & Technology,#22c55e,2018Q4,0.94,0.53,1.61,12.96,1.03,5.17,0.61,0.71,-1.3,-9.09,4.43,19.61,2232.73,21706.81,6.09,5.17,7.51,6.9,2.44,74.47,106.0,10.74,53.92,54.88
it,IT & Technology,#22c55e,2019Q1,0.69,0.4,1.75,12.15,1.24,5.32,1.05,1.36,2.81,-9.68,4.35,19.52,1507.91,22001.05,5.99,5.25,7.65,5.53,2.34,74.64,103.86,10.11,54.48,54.49
it,IT & Technology,#22c55e,2019Q2,1.0,0.58,1.91,13.28,1.06,5.19,0.9,2.56,4.73,-7.92,4.35,19.32,1195.07,22563.86,6.08,5.08,7.63,4.67,2.2,74.9,102.77,10.1,53.41,53.75
it,IT & Technology,#22c55e,2019Q3,0.74,0.39,1.61,12.59,1.7,5.11,0.51,5.42,10.05,-9.94,4.39,19.42,1707.58,23787.81,6.15,4.57,7.2,3.7,2.14,73.6,99.25,6.89,52.71,52.9
it,IT & Technology,#22c55e,2019Q4,0.71,0.41,1.51,12.05,0.23,5.09,0.63,3.38,12.72,-8.45,4.4,19.83,1347.22,24591.86,5.97,4.17,6.87,3.03,1.84,72.92,87.82,6.88,52.39,52.19
it,IT & Technology,#22c55e,2020Q1,1.02,0.55,1.83,11.93,-0.19,5.28,0.77,-9.89,1.47,-20.18,4.51,19.73,1533.43,22159.07,5.79,3.97,5.38,0.09,1.73,68.88,86.02,-5.97,47.61,48.52
it,IT & Technology,#22c55e,2020Q2,0.59,0.32,1.51,11.52,-0.71,4.97,0.79,-11.54,-12.62,-23.49,4.28,22.7,993.96,19602.67,5.46,4.13,4.75,-0.33,1.56,67.52,87.82,-5.77,46.35,48.02
it,IT & Technology,#22c55e,2020Q3,0.85,0.48,1.72,12.25,-2.11,5.19,1.08,-10.47,-28.52,-23.23,4.35,17.52,743.58,17550.43,5.32,4.16,4.13,0.57,1.46,66.63,87.85,-4.45,46.34,48.01
it,IT & Technology,#22c55e,2020Q4,0.74,0.39,1.64,11.26,-2.0,5.15,0.71,-0.84,-32.74,-6.09,4.33,20.14,1568.74,17402.29,5.04,4.25,3.87,5.5,1.28,66.01,87.01,-2.72,46.7,47.79
it,IT & Technology,#22c55e,2021Q1,0.76,0.43,1.58,11.55,-2.15,5.31,0.48,-1.85,-24.7,-9.65,4.58,19.1,1172.53,17079.53,4.74,4.25,5.14,5.78,1.32,69.07,96.46,10.3,51.74,52.38
it,IT & Technology,#22c55e,2021Q2,0.53,0.31,1.78,13.24,-2.29,5.23,0.46,-1.23,-14.4,-5.03,4.56,20.59,1201.21,16868.8,4.65,4.7,5.42,7.07,1.21,68.1,100.26,10.94,52.06,52.89
it,IT & Technology,#22c55e,2021Q3,0.87,0.45,1.62,11.2,-1.72,5.26,0.48,2.79,-1.14,-6.68,4.5,20.69,996.4,17340.21,4.51,4.96,5.45,6.67,1.11,69.13,100.25,11.14,53.03,53.23
it,IT & Technology,#22c55e,2021Q4,0.65,0.36,1.53,11.87,-1.96,5.32,0.77,3.82,3.53,-6.11,4.47,19.55,1257.33,18003.11,4.4,5.23,5.82,6.82,1.16,69.31,102.55,11.01,53.9,53.92
it,IT & Technology,#22c55e,2022Q1,1.25,0.66,1.84,12.55,-1.13,5.3,0.68,3.44,8.83,-6.48,4.42,20.31,1220.02,18622.95,4.59,5.51,5.92,5.81,1.64,70.98,105.51,11.02,54.23,54.44
it,IT & Technology,#22c55e,2022Q2,0.67,0.39,1.84,12.34,-0.4,5.16,0.9,3.77,13.83,-7.98,4.36,20.95,1088.63,19324.29,4.65,6.04,6.45,5.1,1.76,71.92,105.38,8.61,54.08,54.51
it,IT & Technology,#22c55e,2022Q3,0.95,0.52,1.66,12.03,0.54,5.36,0.54,2.81,13.85,-11.01,4.33,19.83,1340.94,19867.97,5.49,6.05,6.95,4.61,1.94,72.82,105.62,5.06,53.73,54.28
it,IT & Technology,#22c55e,2022Q4,0.77,0.41,1.51,13.18,1.28,5.29,0.56,2.09,12.12,-7.2,4.31,20.14,1563.23,20283.75,5.7,5.77,7.08,2.67,2.13,73.79,104.48,5.74,52.82,53.9
it,IT & Technology,#22c55e,2023Q1,1.11,0.63,2.13,12.03,1.67,5.3,0.63,1.62,10.29,-8.52,4.44,20.44,2199.96,20611.65,5.98,5.55,7.49,3.3,2.13,74.2,103.21,4.16,52.18,53.29
it,IT & Technology,#22c55e,2023Q2,0.74,0.43,1.75,12.85,1.16,5.11,0.69,-0.67,5.86,-7.25,4.47,20.0,2209.86,20474.05,6.22,5.33,7.35,3.41,2.19,74.85,101.99,6.41,51.37,52.72
it,IT & Technology,#22c55e,2023Q3,0.8,0.45,1.87,12.09,1.3,5.14,0.6,-1.62,1.42,-6.86,4.35,23.67,1173.24,20141.71,6.61,4.68,7.37,3.72,2.26,74.39,98.51,7.46,50.88,52.4
it,IT & Technology,#22c55e,2023Q4,0.87,0.49,1.75,12.31,0.18,5.1,0.63,-2.11,-2.78,-8.24,4.21,18.64,1243.51,19717.61,6.67,4.67,7.18,4.33,2.54,73.6,96.95,10.0,50.5,51.17
it,IT & Technology,#22c55e,2024Q1,0.83,0.45,1.8,12.27,0.7,5.13,0.75,2.18,-2.21,-7.83,4.37,19.62,1042.75,20147.99,6.74,4.53,6.7,6.03,2.58,72.73,93.05,10.89,50.85,51.46
it,IT & Technology,#22c55e,2024Q2,0.69,0.37,1.49,11.53,-0.47,5.05,0.7,3.41,1.87,-8.53,4.53,18.76,1027.24,20835.78,6.74,4.5,6.69,6.54,2.68,72.18,94.18,12.08,51.48,51.64
it,IT & Technology,#22c55e,2024Q3,0.62,0.35,1.55,12.48,-0.9,5.03,0.67,2.86,6.35,-3.71,4.45,16.84,1539.07,21432.4,6.71,4.69,6.07,7.2,2.71,71.54,93.71,11.12,52.1,52.02
it,IT & Technology,#22c55e,2024Q4,1.0,0.52,1.58,12.39,-1.73,5.15,0.45,2.72,11.18,-8.25,4.53,20.48,1450.8,22014.67,6.52,5.22,5.8,6.89,2.74,69.97,94.48,9.45,52.98,52.44
it,IT & Technology,#22c55e,2025Q1,0.67,0.36,1.68,12.67,-1.52,5.08,0.29,0.57,9.56,-4.86,4.42,18.68,1974.43,22140.27,6.28,5.07,5.61,6.9,2.78,69.0,96.6,8.33,53.66,52.81
it,IT & Technology,#22c55e,2025Q2,0.76,0.41,1.64,12.1,-1.58,5.18,0.78,3.26,9.41,-9.93,4.48,19.56,77.28,22861.42,6.01,5.69,5.43,5.08,2.66,68.58,99.31,5.07,54.1,53.84
metals,Metals & Mining,#94a3b8,2018Q1,6.39,3.46,4.3,6.76,1.6,2.12,1.2,0.59,0.59,-13.56,1.11,33.2,1074.83,11064.93,5.27,5.59,6.03,6.18,2.3,72.39,105.72,8.42,52.24,53.57
metals,Metals & Mining,#94a3b8,2018Q2,6.69,3.48,4.47,7.43,1.14,2.25,1.08,1.63,2.22,-12.49,1.15,33.81,1900.63,11244.99,5.46,5.28,6.72,6.65,2.41,73.09,105.79,9.16,53.21,54.27
metals,Metals & Mining,#94a3b8,2018Q3,6.42,3.63,4.21,7.1,0.95,2.35,1.16,1.62,3.84,-7.95,1.25,36.07,1209.65,11427.72,5.87,5.31,7.18,6.9,2.41,73.63,105.38,12.41,53.55,54.45
metals,Metals & Mining,#94a3b8,2018Q4,6.02,3.3,3.85,9.49,1.06,2.31,1.1,1.58,5.42,-6.84,1.08,33.71,1146.56,11608.28,6.09,5.17,7.51,6.9,2.44,74.47,106.0,9.9,53.92,54.88
metals,Metals & Mining,#94a3b8,2019Q1,6.01,3.24,4.0,10.3,0.24,2.37,0.81,2.06,6.89,-9.76,1.22,34.63,1825.16,11846.87,5.99,5.25,7.65,5.53,2.34,74.64,103.86,9.23,54.48,54.49
metals,Metals & Mining,#94a3b8,2019Q2,5.5,3.04,3.72,8.42,-0.29,2.41,0.83,-1.5,3.76,-10.21,1.32,33.03,1973.88,11669.44,6.08,5.08,7.63,4.67,2.2,74.9,102.77,8.9,53.41,53.75
metals,Metals & Mining,#94a3b8,2019Q3,5.87,3.13,3.91,8.61,-0.96,2.31,0.78,1.66,3.8,-8.87,1.21,32.74,1597.42,11863.25,6.15,4.57,7.2,3.7,2.14,73.6,99.25,7.1,52.71,52.9
metals,Metals & Mining,#94a3b8,2019Q4,5.96,3.24,4.01,9.32,-1.2,2.29,0.71,-0.03,2.18,-9.77,1.17,32.95,1174.49,11859.15,5.97,4.17,6.87,3.03,1.84,72.92,87.82,5.94,52.39,52.19
metals,Metals & Mining,#94a3b8,2020Q1,7.13,4.07,4.78,6.75,-2.46,2.08,1.49,-3.55,-3.42,-13.93,1.15,35.34,132.79,11437.78,5.79,3.97,5.38,0.09,1.73,68.88,86.02,-6.91,47.61,48.52
metals,Metals & Mining,#94a3b8,2020Q2,7.67,4.37,5.36,2.65,-3.1,1.81,1.76,-4.21,-6.14,-19.23,0.72,38.47,-1297.35,10955.72,5.46,4.13,4.75,-0.33,1.56,67.52,87.82,-7.98,46.35,48.02
metals,Metals & Mining,#94a3b8,2020Q3,8.04,4.74,5.26,3.28,-2.76,2.04,1.84,-3.68,-11.48,-19.85,0.95,36.86,-530.16,10552.38,5.32,4.16,4.13,0.57,1.46,66.63,87.85,-6.49,46.34,48.01
metals,Metals & Mining,#94a3b8,2020Q4,7.26,4.27,4.63,5.19,-2.15,2.21,1.36,-1.49,-12.94,-13.0,1.04,34.31,-487.81,10395.46,5.04,4.25,3.87,5.5,1.28,66.01,87.01,-2.95,46.7,47.79
metals,Metals & Mining,#94a3b8,2021Q1,6.27,3.58,4.18,7.74,-1.35,2.23,0.9,-0.3,-9.69,-12.84,1.25,34.12,974.34,10363.8,4.74,4.25,5.14,5.78,1.32,69.07,96.46,10.26,51.74,52.38
metals,Metals & Mining,#94a3b8,2021Q2,5.86,3.43,3.85,8.45,-1.17,2.36,0.88,-0.04,-5.52,-8.96,1.22,32.73,516.28,10359.19,4.65,4.7,5.42,7.07,1.21,68.1,100.26,11.23,52.06,52.89
metals,Metals & Mining,#94a3b8,2021Q3,6.13,3.52,4.23,7.82,0.76,2.3,0.88,-1.04,-2.87,-8.56,1.32,33.48,1644.0,10251.88,4.51,4.96,5.45,6.67,1.11,69.13,100.25,11.66,53.03,53.23
metals,Metals & Mining,#94a3b8,2021Q4,5.94,3.37,3.96,8.07,0.14,2.28,1.15,-1.35,-2.73,-11.83,1.2,33.47,1279.93,10113.7,4.4,5.23,5.82,6.82,1.16,69.31,102.55,11.22,53.9,53.92
metals,Metals & Mining,#94a3b8,2022Q1,6.63,3.6,4.4,6.27,0.41,2.16,1.0,-1.69,-4.11,-10.53,1.2,34.93,866.19,9943.12,4.59,5.51,5.92,5.81,1.64,70.98,105.51,9.47,54.23,54.44
metals,Metals & Mining,#94a3b8,2022Q2,8.1,4.36,5.45,4.07,0.03,1.89,1.8,-6.26,-10.33,-16.93,0.71,36.91,-875.11,9320.97,4.65,6.04,6.45,5.1,1.76,71.92,105.38,6.56,54.08,54.51
metals,Metals & Mining,#94a3b8,2022Q3,8.56,4.59,5.72,1.97,-0.31,1.86,2.49,-10.67,-19.96,-22.7,0.7,39.66,-1482.67,8326.21,5.49,6.05,6.95,4.61,1.94,72.82,105.62,3.05,53.73,54.28
metals,Metals & Mining,#94a3b8,2022Q4,8.42,4.57,5.74,2.38,0.26,1.95,2.34,-7.62,-26.24,-21.09,0.68,40.37,-1375.16,7691.56,5.7,5.77,7.08,2.67,2.13,73.79,104.48,2.68,52.82,53.9
metals,Metals & Mining,#94a3b8,2023Q1,7.3,4.17,5.0,6.92,0.63,2.26,1.56,-3.93,-28.48,-19.44,0.98,35.91,-68.32,7389.54,5.98,5.55,7.49,3.3,2.13,74.2,103.21,2.66,52.18,53.29
metals,Metals & Mining,#94a3b8,2023Q2,6.39,3.35,4.15,8.4,-0.23,2.36,0.98,2.67,-19.55,-9.62,1.23,35.52,625.88,7586.86,6.22,5.33,7.35,3.41,2.19,74.85,101.99,5.76,51.37,52.72
metals,Metals & Mining,#94a3b8,2023Q3,5.77,3.13,3.87,8.25,-0.23,2.26,0.69,4.27,-4.61,-9.37,1.34,33.55,797.09,7910.96,6.61,4.68,7.37,3.72,2.26,74.39,98.51,8.32,50.88,52.4
metals,Metals & Mining,#94a3b8,2023Q4,5.49,2.87,3.55,9.73,-1.15,2.35,0.67,1.97,4.99,-7.16,1.46,32.18,1818.83,8066.91,6.67,4.67,7.18,4.33,2.54,73.6,96.95,9.23,50.5,51.17
metals,Metals & Mining,#94a3b8,2024Q1,5.59,3.17,3.57,9.07,-1.56,2.33,0.63,-0.56,8.35,-9.72,1.4,30.31,1137.84,8021.48,6.74,4.53,6.7,6.03,2.58,72.73,93.05,10.56,50.85,51.46
metals,Metals & Mining,#94a3b8,2024Q2,5.8,3.29,3.66,9.47,-2.1,2.45,0.45,2.95,8.63,-7.89,1.27,32.32,1676.21,8258.25,6.74,4.5,6.69,6.54,2.68,72.18,94.18,11.27,51.48,51.64
metals,Metals & Mining,#94a3b8,2024Q3,5.75,3.0,3.83,8.35,-2.16,2.28,0.72,0.58,4.93,-4.22,1.39,34.12,2516.13,8305.74,6.71,4.69,6.07,7.2,2.71,71.54,93.71,10.23,52.1,52.02
metals,Metals & Mining,#94a3b8,2024Q4,6.23,3.33,3.97,6.73,-2.5,2.29,0.93,-1.89,1.07,-8.13,1.28,33.85,441.45,8148.61,6.52,5.22,5.8,6.89,2.74,69.97,94.48,10.05,52.98,52.44
metals,Metals & Mining,#94a3b8,2025Q1,6.41,3.38,4.17,6.91,-1.86,2.29,1.07,-1.47,0.17,-10.67,1.12,34.08,567.13,8029.15,6.28,5.07,5.61,6.9,2.78,69.0,96.6,6.92,53.66,52.81
metals,Metals & Mining,#94a3b8,2025Q2,6.02,3.41,4.08,6.56,-1.81,2.26,0.95,-4.11,-6.89,-12.15,1.21,36.63,785.42,7699.46,6.01,5.69,5.43,5.08,2.66,68.58,99.31,4.7,54.1,53.84
nbfc,NBFC,#f59e0b,2018Q1,9.22,5.01,5.63,8.16,0.48,1.51,1.03,0.49,0.49,-12.35,1.3,32.67,701.88,12058.96,5.27,5.59,6.03,6.18,2.3,72.39,105.72,9.0,52.24,53.57
nbfc,NBFC,#f59e0b,2018Q2,9.14,5.1,5.15,8.65,0.12,1.64,1.12,2.11,2.6,-9.49,1.35,31.18,1042.86,12312.99,5.46,5.28,6.72,6.65,2.41,73.09,105.79,8.84,53.21,54.27
nbfc,NBFC,#f59e0b,2018Q3,9.79,5.51,5.75,8.2,0.49,1.47,1.5,-0.55,2.04,-13.67,1.17,31.89,283.5,12244.83,5.87,5.31,7.18,6.9,2.41,73.63,105.38,10.74,53.55,54.45
nbfc,NBFC,#f59e0b,2018Q4,10.77,6.34,6.32,5.36,-0.64,1.57,1.66,-2.93,-0.88,-17.38,1.08,34.97,9.58,11886.41,6.09,5.17,7.51,6.9,2.44,74.47,106.0,9.23,53.92,54.88
nbfc,NBFC,#f59e0b,2019Q1,12.36,7.13,7.5,3.07,-1.71,1.13,2.32,-6.38,-7.75,-21.62,0.84,35.4,-980.18,11128.29,5.99,5.25,7.65,5.53,2.34,74.64,103.86,6.8,54.48,54.49
nbfc,NBFC,#f59e0b,2019Q2,12.66,6.72,7.81,3.84,-2.77,1.21,2.58,-10.73,-20.58,-23.19,0.74,38.12,-1574.06,9934.74,6.08,5.08,7.63,4.67,2.2,74.9,102.77,5.56,53.41,53.75
nbfc,NBFC,#f59e0b,2019Q3,12.74,6.78,7.69,1.03,-3.17,1.1,2.66,-11.97,-32.0,-22.47,0.83,38.93,-1283.04,8745.55,6.15,4.57,7.2,3.7,2.14,73.6,99.25,4.58,52.71,52.9
nbfc,NBFC,#f59e0b,2019Q4,12.37,6.8,7.47,3.34,-3.68,1.22,2.15,-9.69,-38.77,-19.84,0.91,38.73,-1327.61,7897.8,5.97,4.17,6.87,3.03,1.84,72.92,87.82,3.02,52.39,52.19
nbfc,NBFC,#f59e0b,2020Q1,10.98,5.82,6.59,5.49,-3.22,1.32,1.75,-5.24,-37.63,-19.18,0.96,34.75,-975.77,7483.71,5.79,3.97,5.38,0.09,1.73,68.88,86.02,-7.85,47.61,48.52
nbfc,NBFC,#f59e0b,2020Q2,9.99,5.31,5.86,5.8,-2.9,1.46,1.27,-0.12,-27.02,-14.66,1.34,32.86,-98.79,7474.89,5.46,4.13,4.75,-0.33,1.56,67.52,87.82,-6.79,46.35,48.02
nbfc,NBFC,#f59e0b,2020Q3,8.79,4.86,4.92,7.51,-2.19,1.61,1.1,1.21,-13.84,-12.28,1.46,32.55,552.86,7565.46,5.32,4.16,4.13,0.57,1.46,66.63,87.85,-4.05,46.34,48.01
nbfc,NBFC,#f59e0b,2020Q4,8.55,4.84,5.12,9.41,-1.4,1.77,0.61,-0.8,-4.95,-12.0,1.4,30.53,32.19,7504.78,5.04,4.25,3.87,5.5,1.28,66.01,87.01,-2.72,46.7,47.79
nbfc,NBFC,#f59e0b,2021Q1,7.73,4.47,4.78,10.27,-0.71,1.65,0.44,1.94,2.23,-10.06,1.52,27.88,803.35,7650.53,4.74,4.25,5.14,5.78,1.32,69.07,96.46,10.52,51.74,52.38
nbfc,NBFC,#f59e0b,2021Q2,8.17,4.55,4.64,10.79,-0.27,1.78,0.75,-1.11,1.24,-8.9,1.52,30.9,1009.24,7565.48,4.65,4.7,5.42,7.07,1.21,68.1,100.26,11.45,52.06,52.89
nbfc,NBFC,#f59e0b,2021Q3,8.52,4.99,5.08,11.08,1.24,1.59,0.73,1.37,1.4,-10.99,1.35,29.96,1102.71,7669.04,4.51,4.96,5.45,6.67,1.11,69.13,100.25,11.52,53.03,53.23
nbfc,NBFC,#f59e0b,2021Q4,8.41,4.56,4.9,9.02,1.76,1.7,1.02,-2.32,-0.12,-10.15,1.37,27.68,336.97,7490.8,4.4,5.23,5.82,6.82,1.16,69.31,102.55,9.89,53.9,53.92
nbfc,NBFC,#f59e0b,2022Q1,8.52,4.5,5.27,8.88,1.56,1.66,1.15,-3.91,-5.98,-10.07,1.42,30.82,926.25,7198.05,4.59,5.51,5.92,5.81,1.64,70.98,105.51,10.79,54.23,54.44
nbfc,NBFC,#f59e0b,2022Q2,8.61,5.06,4.96,9.52,1.31,1.61,0.99,-0.63,-5.49,-9.24,1.52,32.71,573.66,7153.0,4.65,6.04,6.45,5.1,1.76,71.92,105.38,9.2,54.08,54.51
nbfc,NBFC,#f59e0b,2022Q3,9.23,5.08,5.5,8.27,0.17,1.6,1.02,-0.23,-7.09,-9.59,1.24,32.52,455.3,7136.36,5.49,6.05,6.95,4.61,1.94,72.82,105.62,4.23,53.73,54.28
nbfc,NBFC,#f59e0b,2022Q4,11.13,6.08,6.83,5.26,0.23,1.38,1.93,-4.83,-9.59,-17.81,1.03,33.86,-1.25,6791.93,5.7,5.77,7.08,2.67,2.13,73.79,104.48,3.18,52.82,53.9
nbfc,NBFC,#f59e0b,2023Q1,11.31,5.92,6.93,4.77,-0.66,1.28,1.94,-4.55,-10.24,-15.73,1.02,35.06,134.06,6482.64,5.98,5.55,7.49,3.3,2.13,74.2,103.21,0.89,52.18,53.29
nbfc,NBFC,#f59e0b,2023Q2,9.85,5.45,5.95,6.76,-1.61,1.45,1.8,-0.01,-9.62,-16.25,1.12,33.22,-690.81,6481.96,6.22,5.33,7.35,3.41,2.19,74.85,101.99,4.39,51.37,52.72
nbfc,NBFC,#f59e0b,2023Q3,9.34,5.49,5.43,7.45,-1.81,1.58,0.92,1.87,-7.52,-11.01,1.3,29.0,420.0,6603.15,6.61,4.68,7.37,3.72,2.26,74.39,98.51,7.88,50.88,52.4
nbfc,NBFC,#f59e0b,2023Q4,8.24,4.53,4.82,9.44,-2.12,1.66,1.06,3.74,1.04,-11.71,1.42,29.45,1565.71,6849.97,6.67,4.67,7.18,4.33,2.54,73.6,96.95,9.62,50.5,51.17
nbfc,NBFC,#f59e0b,2024Q1,8.23,4.5,4.69,9.6,-1.79,1.69,0.65,0.59,6.19,-7.79,1.3,29.27,1539.87,6890.43,6.74,4.53,6.7,6.03,2.58,72.73,93.05,10.59,50.85,51.46
nbfc,NBFC,#f59e0b,2024Q2,8.36,4.92,4.97,9.96,-1.31,1.65,0.73,0.5,6.7,-8.17,1.42,29.24,2169.83,6925.21,6.74,4.5,6.69,6.54,2.68,72.18,94.18,11.3,51.48,51.64
nbfc,NBFC,#f59e0b,2024Q3,8.37,4.53,4.95,8.8,-2.02,1.51,0.94,1.15,5.98,-8.79,1.4,30.21,699.31,7004.56,6.71,4.69,6.07,7.2,2.71,71.54,93.71,9.48,52.1,52.02
nbfc,NBFC,#f59e0b,2024Q4,8.62,4.52,4.9,9.23,-2.08,1.62,0.84,-0.27,1.97,-8.02,1.48,29.31,1036.59,6985.51,6.52,5.22,5.8,6.89,2.74,69.97,94.48,9.65,52.98,52.44
nbfc,NBFC,#f59e0b,2025Q1,8.47,4.48,5.1,9.01,-1.4,1.62,1.18,-0.14,1.24,-15.81,1.36,31.07,-125.91,6975.92,6.28,5.07,5.61,6.9,2.78,69.0,96.6,7.04,53.66,52.81
nbfc,NBFC,#f59e0b,2025Q2,9.3,4.89,5.51,7.64,-1.16,1.68,1.06,-1.06,-0.32,-14.91,1.49,32.49,313.61,6902.14,6.01,5.69,5.43,5.08,2.66,68.58,99.31,5.65,54.1,53.84
pharma,Pharma & Healthcare,#ec4899,2018Q1,2.66,1.39,2.82,9.11,0.07,3.37,0.95,-2.99,-2.99,-9.71,2.99,22.98,60.49,14066.95,5.27,5.59,6.03,6.18,2.3,72.39,105.72,10.6,52.24,53.57
pharma,Pharma & Healthcare,#ec4899,2018Q2,2.48,1.41,2.46,9.67,0.79,3.61,0.88,-1.04,-4.03,-10.18,2.73,23.31,464.64,13920.22,5.46,5.28,6.72,6.65,2.41,73.09,105.79,10.37,53.21,54.27
pharma,Pharma & Healthcare,#ec4899,2018Q3,2.73,1.47,2.66,10.15,1.6,3.64,0.94,0.68,-3.35,-8.15,2.8,21.14,1556.95,14014.74,5.87,5.31,7.18,6.9,2.41,73.63,105.38,12.74,53.55,54.45
pharma,Pharma & Healthcare,#ec4899,2018Q4,2.66,1.56,2.37,10.73,1.38,3.43,0.79,-2.32,-5.67,-10.06,3.0,24.34,1181.56,13689.85,6.09,5.17,7.51,6.9,2.44,74.47,106.0,12.18,53.92,54.88
pharma,Pharma & Healthcare,#ec4899,2019Q1,2.48,1.45,2.35,10.23,1.79,3.56,0.84,-1.3,-3.98,-8.82,2.76,20.92,2090.17,13511.82,5.99,5.25,7.65,5.53,2.34,74.64,103.86,11.4,54.48,54.49
pharma,Pharma & Healthcare,#ec4899,2019Q2,2.33,1.32,2.27,10.86,1.29,3.39,0.56,2.44,-0.5,-7.86,2.96,22.1,1752.25,13841.09,6.08,5.08,7.63,4.67,2.2,74.9,102.77,10.51,53.41,53.75
pharma,Pharma & Healthcare,#ec4899,2019Q3,2.34,1.28,2.25,9.99,0.38,3.6,0.85,2.57,1.39,-5.81,3.03,21.69,1647.41,14196.71,6.15,4.57,7.2,3.7,2.14,73.6,99.25,8.45,52.71,52.9
pharma,Pharma & Healthcare,#ec4899,2019Q4,2.15,1.2,2.14,11.09,-0.47,3.54,0.71,4.58,8.29,-7.33,3.13,21.23,2251.84,14847.01,5.97,4.17,6.87,3.03,1.84,72.92,87.82,7.97,52.39,52.19
pharma,Pharma & Healthcare,#ec4899,2020Q1,2.22,1.24,2.02,10.33,-0.69,3.71,0.55,0.46,10.05,-6.64,3.2,22.28,1080.38,14916.02,5.79,3.97,5.38,0.09,1.73,68.88,86.02,-3.91,47.61,48.52
pharma,Pharma & Healthcare,#ec4899,2020Q2,2.39,1.35,2.35,9.81,-2.23,3.41,0.78,1.18,8.79,-7.9,2.78,23.16,380.51,15091.98,5.46,4.13,4.75,-0.33,1.56,67.52,87.82,-3.8,46.35,48.02
pharma,Pharma & Healthcare,#ec4899,2020Q3,2.12,1.25,2.28,10.99,-1.83,3.56,0.71,-0.0,6.22,-9.05,2.81,20.44,1178.45,15091.69,5.32,4.16,4.13,0.57,1.46,66.63,87.85,-3.44,46.34,48.01
pharma,Pharma & Healthcare,#ec4899,2020Q4,2.48,1.45,2.42,9.6,-1.65,3.54,0.85,-0.63,1.01,-7.82,2.83,21.46,906.38,14996.36,5.04,4.25,3.87,5.5,1.28,66.01,87.01,-1.13,46.7,47.79
pharma,Pharma & Healthcare,#ec4899,2021Q1,2.17,1.16,1.95,9.36,-1.87,3.4,0.5,2.29,2.84,-9.0,2.95,22.58,1401.19,15340.33,4.74,4.25,5.14,5.78,1.32,69.07,96.46,10.78,51.74,52.38
pharma,Pharma & Healthcare,#ec4899,2021Q2,2.38,1.26,2.64,9.03,-2.21,3.45,0.52,1.11,2.77,-3.55,2.87,20.37,212.41,15511.12,4.65,4.7,5.42,7.07,1.21,68.1,100.26,11.75,52.06,52.89
pharma,Pharma & Healthcare,#ec4899,2021Q3,2.42,1.36,2.41,10.22,-1.31,3.5,0.63,-0.12,2.66,-8.37,2.96,23.15,467.52,15493.08,4.51,4.96,5.45,6.67,1.11,69.13,100.25,12.1,53.03,53.23
pharma,Pharma & Healthcare,#ec4899,2021Q4,2.4,1.3,2.5,10.2,-0.47,3.56,0.84,1.16,4.45,-8.05,2.87,24.21,1136.01,15672.7,4.4,5.23,5.82,6.82,1.16,69.31,102.55,11.93,53.9,53.92
pharma,Pharma & Healthcare,#ec4899,2022Q1,2.37,1.28,2.54,9.99,0.27,3.38,0.8,0.52,2.67,-10.14,3.06,22.32,962.42,15753.89,4.59,5.51,5.92,5.81,1.64,70.98,105.51,12.08,54.23,54.44
pharma,Pharma & Healthcare,#ec4899,2022Q2,2.24,1.31,2.5,9.62,0.09,3.65,1.05,2.17,3.73,-10.42,2.82,21.79,745.96,16096.28,4.65,6.04,6.45,5.1,1.76,71.92,105.38,9.12,54.08,54.51
pharma,Pharma & Healthcare,#ec4899,2022Q3,2.51,1.41,2.32,10.3,0.95,3.69,0.83,2.74,6.59,-9.16,2.8,23.75,1605.66,16537.94,5.49,6.05,6.95,4.61,1.94,72.82,105.62,6.35,53.73,54.28
pharma,Pharma & Healthcare,#ec4899,2022Q4,2.53,1.43,2.32,9.78,1.0,3.48,0.91,4.54,9.97,-10.94,2.87,21.41,1276.87,17288.49,5.7,5.77,7.08,2.67,2.13,73.79,104.48,5.36,52.82,53.9
pharma,Pharma & Healthcare,#ec4899,2023Q1,2.62,1.4,2.62,10.23,1.13,3.48,0.83,4.31,13.76,-8.28,3.05,24.1,1477.82,18033.48,5.98,5.55,7.49,3.3,2.13,74.2,103.21,4.97,52.18,53.29
pharma,Pharma & Healthcare,#ec4899,2023Q2,2.54,1.42,2.56,10.53,1.34,3.62,0.94,2.72,14.31,-8.46,3.02,23.26,1509.09,18524.27,6.22,5.33,7.35,3.41,2.19,74.85,101.99,6.86,51.37,52.72
pharma,Pharma & Healthcare,#ec4899,2023Q3,2.55,1.37,2.29,8.87,0.52,3.45,0.71,2.0,13.57,-8.98,2.89,20.87,1299.58,18894.86,6.61,4.68,7.37,3.72,2.26,74.39,98.51,9.34,50.88,52.4
pharma,Pharma & Healthcare,#ec4899,2023Q4,2.53,1.46,2.42,11.37,0.34,3.47,0.68,0.79,9.82,-8.22,2.91,20.23,1168.77,19044.09,6.67,4.67,7.18,4.33,2.54,73.6,96.95,11.55,50.5,51.17
pharma,Pharma & Healthcare,#ec4899,2024Q1,2.31,1.29,2.25,9.95,0.08,3.51,0.67,-0.26,5.25,-6.33,2.98,22.63,1857.34,18995.01,6.74,4.53,6.7,6.03,2.58,72.73,93.05,12.25,50.85,51.46
pharma,Pharma & Healthcare,#ec4899,2024Q2,2.29,1.34,2.36,9.56,-1.07,3.54,0.63,-0.18,2.35,-7.0,2.96,18.76,1531.06,18960.72,6.74,4.5,6.69,6.54,2.68,72.18,94.18,12.6,51.48,51.64
pharma,Pharma & Healthcare,#ec4899,2024Q3,2.31,1.27,2.11,9.2,-2.37,3.46,0.56,0.45,0.8,-5.09,3.02,21.64,1225.31,19046.52,6.71,4.69,6.07,7.2,2.71,71.54,93.71,11.75,52.1,52.02
pharma,Pharma & Healthcare,#ec4899,2024Q4,2.4,1.36,2.13,9.36,-1.66,3.68,0.68,0.56,0.57,-9.78,2.97,19.71,1441.46,19153.04,6.52,5.22,5.8,6.89,2.74,69.97,94.48,11.5,52.98,52.44
pharma,Pharma & Healthcare,#ec4899,2025Q1,2.54,1.41,2.49,9.75,-2.45,3.64,0.69,3.15,3.99,-12.57,3.0,23.87,1085.79,19757.27,6.28,5.07,5.61,6.9,2.78,69.0,96.6,8.85,53.66,52.81
pharma,Pharma & Healthcare,#ec4899,2025Q2,2.69,1.48,2.62,8.99,-2.45,3.57,0.98,0.76,4.93,-10.62,2.79,23.53,419.62,19908.14,6.01,5.69,5.43,5.08,2.66,68.58,99.31,7.11,54.1,53.84
power,Power & Energy,#a78bfa,2018Q1,7.64,4.19,4.82,5.49,0.7,1.72,1.23,1.35,1.35,-13.47,0.79,25.77,264.58,9628.32,5.27,5.59,6.03,6.18,2.3,72.39,105.72,8.54,52.24,53.57
power,Power & Energy,#a78bfa,2018Q2,6.97,3.78,4.4,4.91,1.29,1.75,1.02,0.21,1.56,-10.65,0.88,28.45,1168.96,9648.56,5.46,5.28,6.72,6.65,2.41,73.09,105.79,9.26,53.21,54.27
power,Power & Energy,#a78bfa,2018Q3,7.1,4.04,4.44,6.03,0.71,1.85,1.02,-0.08,1.48,-11.42,0.89,28.85,1884.05,9640.87,5.87,5.31,7.18,6.9,2.41,73.63,105.38,10.74,53.55,54.45
power,Power & Energy,#a78bfa,2018Q4,7.53,4.07,4.72,5.35,-0.1,1.73,0.99,-2.25,-0.77,-12.92,0.76,29.45,1306.5,9423.47,6.09,5.17,7.51,6.9,2.44,74.47,106.0,10.13,53.92,54.88
power,Power & Energy,#a78bfa,2019Q1,8.35,4.82,5.19,4.5,-0.12,1.61,1.57,-4.91,-7.03,-16.63,0.76,32.2,742.03,8960.82,5.99,5.25,7.65,5.53,2.34,74.64,103.86,9.05,54.48,54.49
power,Power & Energy,#a78bfa,2019Q2,9.15,5.15,5.84,1.78,-1.82,1.5,1.92,-5.03,-12.28,-18.13,0.61,32.2,-331.49,8509.64,6.08,5.08,7.63,4.67,2.2,74.9,102.77,7.96,53.41,53.75
power,Power & Energy,#a78bfa,2019Q3,9.94,5.52,6.33,0.92,-2.09,1.54,2.25,-10.63,-22.82,-17.95,0.45,33.37,-1389.09,7605.46,6.15,4.57,7.2,3.7,2.14,73.6,99.25,5.09,52.71,52.9
power,Power & Energy,#a78bfa,2019Q4,9.7,5.56,6.1,2.47,-2.03,1.43,2.05,-8.14,-28.71,-17.73,0.45,32.26,-328.72,6986.68,5.97,4.17,6.87,3.03,1.84,72.92,87.82,3.82,52.39,52.19
power,Power & Energy,#a78bfa,2020Q1,8.34,4.61,5.32,4.89,-2.36,1.71,1.34,-3.85,-27.65,-17.14,0.68,31.1,-111.59,6717.65,5.79,3.97,5.38,0.09,1.73,68.88,86.02,-7.65,47.61,48.52
power,Power & Energy,#a78bfa,2020Q2,7.25,4.01,4.66,6.48,-2.0,1.55,1.27,0.0,-22.61,-15.0,0.82,29.99,561.38,6717.66,5.46,4.13,4.75,-0.33,1.56,67.52,87.82,-6.94,46.35,48.02
power,Power & Energy,#a78bfa,2020Q3,7.29,4.11,4.52,6.47,-2.27,1.71,1.08,1.72,-10.27,-7.91,0.97,29.43,854.84,6833.04,5.32,4.16,4.13,0.57,1.46,66.63,87.85,-4.33,46.34,48.01
power,Power & Energy,#a78bfa,2020Q4,7.03,3.72,4.25,5.43,-1.98,1.79,1.08,1.19,-0.94,-8.07,1.01,27.55,917.59,6914.5,5.04,4.25,3.87,5.5,1.28,66.01,87.01,-2.35,46.7,47.79
power,Power & Energy,#a78bfa,2021Q1,7.16,4.18,4.29,6.38,-0.76,1.78,0.92,2.21,5.12,-11.21,0.98,26.0,513.2,7067.31,4.74,4.25,5.14,5.78,1.32,69.07,96.46,10.62,51.74,52.38
power,Power & Energy,#a78bfa,2021Q2,7.05,3.88,4.46,6.2,-0.72,1.84,0.81,0.85,5.97,-10.22,0.81,26.68,1477.55,7127.46,4.65,4.7,5.42,7.07,1.21,68.1,100.26,10.61,52.06,52.89
power,Power & Energy,#a78bfa,2021Q3,6.89,3.88,4.35,7.02,-0.17,1.88,0.99,0.15,4.4,-12.58,0.98,27.62,1097.29,7137.98,4.51,4.96,5.45,6.67,1.11,69.13,100.25,10.97,53.03,53.23
power,Power & Energy,#a78bfa,2021Q4,7.09,3.96,4.42,6.52,0.42,1.75,1.11,0.36,3.57,-11.19,0.97,27.02,400.78,7163.51,4.4,5.23,5.82,6.82,1.16,69.31,102.55,11.3,53.9,53.92
power,Power & Energy,#a78bfa,2022Q1,7.65,4.41,4.83,4.52,0.84,1.73,1.17,-2.79,-1.43,-12.64,0.67,29.22,906.65,6963.95,4.59,5.51,5.92,5.81,1.64,70.98,105.51,10.96,54.23,54.44
power,Power & Energy,#a78bfa,2022Q2,9.6,5.13,6.06,2.59,0.72,1.55,1.92,-7.25,-9.53,-19.15,0.45,32.43,-468.46,6459.03,4.65,6.04,6.45,5.1,1.76,71.92,105.38,7.04,54.08,54.51
power,Power & Energy,#a78bfa,2022Q3,10.43,5.73,6.85,-0.02,0.07,1.36,2.61,-10.7,-20.38,-21.94,0.45,33.49,-1257.15,5767.95,5.49,6.05,6.95,4.61,1.94,72.82,105.62,3.14,53.73,54.28
power,Power & Energy,#a78bfa,2022Q4,11.89,6.41,7.37,-0.13,-0.58,1.17,2.52,-8.52,-29.25,-23.76,0.45,34.08,-1222.11,5276.61,5.7,5.77,7.08,2.67,2.13,73.79,104.48,1.28,52.82,53.9
power,Power & Energy,#a78bfa,2023Q1,12.43,6.98,7.98,-2.66,-1.12,1.16,2.93,-11.75,-38.22,-28.89,0.45,38.06,-1748.7,4656.63,5.98,5.55,7.49,3.3,2.13,74.2,103.21,-0.33,52.18,53.29
power,Power & Energy,#a78bfa,2023Q2,12.2,6.63,7.72,-3.61,-1.97,1.18,2.97,-7.12,-38.09,-27.77,0.45,38.31,-1986.91,4324.86,6.22,5.33,7.35,3.41,2.19,74.85,101.99,2.08,51.37,52.72
power,Power & Energy,#a78bfa,2023Q3,11.87,6.57,7.42,-2.7,-2.61,1.12,2.95,-8.14,-35.53,-28.66,0.45,37.98,-2003.09,3972.85,6.61,4.68,7.37,3.72,2.26,74.39,98.51,4.03,50.88,52.4
power,Power & Energy,#a78bfa,2023Q4,10.5,5.88,6.8,-0.87,-1.96,1.29,2.51,-5.86,-32.87,-21.66,0.45,34.8,-1114.13,3740.02,6.67,4.67,7.18,4.33,2.54,73.6,96.95,7.46,50.5,51.17
power,Power & Energy,#a78bfa,2024Q1,9.73,5.55,6.05,1.37,-2.46,1.39,1.9,-4.74,-25.87,-21.47,0.53,30.68,-1333.79,3562.68,6.74,4.53,6.7,6.03,2.58,72.73,93.05,8.68,50.85,51.46
power,Power & Energy,#a78bfa,2024Q2,8.31,4.86,5.27,2.3,-3.06,1.75,1.27,-1.87,-20.61,-16.29,0.73,29.2,444.39,3496.16,6.74,4.5,6.69,6.54,2.68,72.18,94.18,10.18,51.48,51.64
power,Power & Energy,#a78bfa,2024Q3,7.84,4.6,4.97,3.16,-2.47,1.82,1.43,-2.3,-14.76,-13.38,0.62,27.84,768.3,3415.91,6.71,4.69,6.07,7.2,2.71,71.54,93.71,8.55,52.1,52.02
power,Power & Energy,#a78bfa,2024Q4,7.9,4.4,4.86,3.01,-2.56,1.53,1.22,-5.32,-14.22,-12.27,0.74,29.39,349.11,3234.33,6.52,5.22,5.8,6.89,2.74,69.97,94.48,8.77,52.98,52.44
power,Power & Energy,#a78bfa,2025Q1,7.73,4.44,4.94,4.28,-2.09,1.58,1.11,-2.59,-12.07,-11.71,0.83,29.53,259.8,3150.58,6.28,5.07,5.61,6.9,2.78,69.0,96.6,6.96,53.66,52.81
power,Power & Energy,#a78bfa,2025Q2,7.96,4.45,4.95,5.42,-1.52,1.71,1.25,-2.79,-12.99,-13.72,0.85,32.61,61.59,3062.64,6.01,5.69,5.43,5.08,2.66,68.58,99.31,5.22,54.1,53.84
real_estate,Real Estate,#ef4444,2018Q1,9.48,5.09,5.5,5.17,0.87,1.44,1.19,0.9,0.9,-10.24,0.74,30.32,471.11,9081.0,5.27,5.59,6.03,6.18,2.3,72.39,105.72,8.75,52.24,53.57
real_estate,Real Estate,#ef4444,2018Q2,8.83,5.18,5.31,6.2,1.71,1.69,0.99,2.58,3.48,-10.35,0.82,29.19,1850.29,9314.97,5.46,5.28,6.72,6.65,2.41,73.09,105.79,8.33,53.21,54.27
real_estate,Real Estate,#ef4444,2018Q3,9.51,5.23,5.64,6.2,0.54,1.51,0.96,0.03,3.51,-14.08,0.78,29.47,867.06,9317.71,5.87,5.31,7.18,6.9,2.41,73.63,105.38,8.25,53.55,54.45
real_estate,Real Estate,#ef4444,2018Q4,9.18,5.08,5.27,6.43,-0.75,1.68,0.97,1.53,5.03,-6.43,0.92,28.81,1031.53,9460.11,6.09,5.17,7.51,6.9,2.44,74.47,106.0,9.36,53.92,54.88
real_estate,Real Estate,#ef4444,2019Q1,9.55,5.4,5.47,7.18,-0.98,1.76,1.01,2.55,6.69,-9.88,0.86,28.39,948.82,9701.78,5.99,5.25,7.65,5.53,2.34,74.64,103.86,8.81,54.48,54.49
real_estate,Real Estate,#ef4444,2019Q2,10.79,5.99,6.1,3.1,-2.38,1.25,1.42,-1.67,2.44,-14.06,0.45,30.79,516.63,9539.51,6.08,5.08,7.63,4.67,2.2,74.9,102.77,8.07,53.41,53.75
real_estate,Real Estate,#ef4444,2019Q3,11.99,6.37,7.28,0.91,-2.65,1.14,2.04,-6.38,-3.97,-20.63,0.45,31.94,-452.64,8930.95,6.15,4.57,7.2,3.7,2.14,73.6,99.25,3.89,52.71,52.9
real_estate,Real Estate,#ef4444,2019Q4,13.86,7.33,8.11,-3.39,-3.76,0.78,2.66,-12.83,-18.32,-23.31,0.45,35.62,-2015.73,7785.37,5.97,4.17,6.87,3.03,1.84,72.92,87.82,2.4,52.39,52.19
real_estate,Real Estate,#ef4444,2020Q1,15.51,8.57,9.23,-7.35,-4.14,0.76,3.19,-14.62,-35.5,-28.34,0.45,36.27,-3855.8,6647.39,5.79,3.97,5.38,0.09,1.73,68.88,86.02,-11.24,47.61,48.52
real_estate,Real Estate,#ef4444,2020Q2,15.38,8.54,9.11,-7.58,-4.42,0.38,3.19,-14.46,-48.28,-30.57,0.45,40.29,-3412.9,5686.08,5.46,4.13,4.75,-0.33,1.56,67.52,87.82,-12.47,46.35,48.02
real_estate,Real Estate,#ef4444,2020Q3,15.09,8.28,8.96,-4.66,-3.83,0.8,2.91,-11.04,-52.95,-31.31,0.45,39.84,-3118.82,5058.34,5.32,4.16,4.13,0.57,1.46,66.63,87.85,-9.03,46.34,48.01
real_estate,Real Estate,#ef4444,2020Q4,13.84,7.46,8.33,-3.14,-3.13,0.76,2.66,-8.37,-48.49,-28.12,0.45,35.45,-2413.04,4634.94,5.04,4.25,3.87,5.5,1.28,66.01,87.01,-7.25,46.7,47.79
real_estate,Real Estate,#ef4444,2021Q1,11.71,6.25,6.97,1.44,-1.33,1.1,1.89,-5.65,-39.52,-21.8,0.45,32.25,-1449.69,4373.17,4.74,4.25,5.14,5.78,1.32,69.07,96.46,7.06,51.74,52.38
real_estate,Real Estate,#ef4444,2021Q2,10.52,5.79,6.1,3.68,-0.08,1.36,1.17,-3.52,-28.58,-14.37,0.73,28.08,185.84,4219.19,4.65,4.7,5.42,7.07,1.21,68.1,100.26,8.91,52.06,52.89
real_estate,Real Estate,#ef4444,2021Q3,9.9,5.71,5.66,4.65,-0.08,1.25,1.29,-3.07,-20.61,-13.32,0.6,28.31,270.16,4089.79,4.51,4.96,5.45,6.67,1.11,69.13,100.25,9.3,53.03,53.23
real_estate,Real Estate,#ef4444,2021Q4,9.82,5.39,5.72,5.36,1.49,1.39,1.1,-0.5,-12.73,-9.24,0.63,29.35,1143.04,4069.37,4.4,5.23,5.82,6.82,1.16,69.31,102.55,9.4,53.9,53.92
real_estate,Real Estate,#ef4444,2022Q1,9.77,5.7,5.61,5.45,1.02,1.48,1.11,-3.68,-10.76,-10.49,0.98,27.57,747.94,3919.76,4.59,5.51,5.92,5.81,1.64,70.98,105.51,8.74,54.23,54.44
real_estate,Real Estate,#ef4444,2022Q2,9.82,5.54,5.77,6.26,1.11,1.6,0.81,-0.3,-7.54,-10.66,0.83,28.2,448.52,3908.09,4.65,6.04,6.45,5.1,1.76,71.92,105.38,6.93,54.08,54.51
real_estate,Real Estate,#ef4444,2022Q3,10.02,5.76,5.95,3.94,1.0,1.48,1.18,-4.51,-8.98,-11.37,0.51,30.92,141.24,3731.85,5.49,6.05,6.95,4.61,1.94,72.82,105.62,3.28,53.73,54.28
real_estate,Real Estate,#ef4444,2022Q4,9.58,5.37,5.53,5.48,0.1,1.65,1.12,-1.13,-9.62,-11.76,0.64,29.95,330.95,3689.56,5.7,5.77,7.08,2.67,2.13,73.79,104.48,3.34,52.82,53.9
real_estate,Real Estate,#ef4444,2023Q1,9.96,5.87,5.64,5.2,0.19,1.59,1.09,0.32,-5.62,-12.0,0.74,29.16,923.96,3701.36,5.98,5.55,7.49,3.3,2.13,74.2,103.21,1.26,52.18,53.29
real_estate,Real Estate,#ef4444,2023Q2,12.33,6.67,7.19,-0.49,-1.42,1.15,1.92,-4.63,-9.95,-21.95,0.45,32.98,-53.14,3529.98,6.22,5.33,7.35,3.41,2.19,74.85,101.99,1.84,51.37,52.72
real_estate,Real Estate,#ef4444,2023Q3,13.73,7.97,8.1,-2.46,-2.47,0.85,2.31,-8.71,-14.16,-24.47,0.45,36.25,-1668.87,3222.46,6.61,4.68,7.37,3.72,2.26,74.39,98.51,4.75,50.88,52.4
real_estate,Real Estate,#ef4444,2023Q4,14.06,7.34,8.22,-4.33,-3.44,0.57,2.82,-6.16,-19.18,-26.81,0.45,38.23,-2108.85,3023.89,6.67,4.67,7.18,4.33,2.54,73.6,96.95,5.18,50.5,51.17
real_estate,Real Estate,#ef4444,2024Q1,13.96,7.82,8.31,-4.95,-3.74,0.68,2.74,-9.1,-28.6,-28.58,0.45,35.37,-2502.15,2748.83,6.74,4.53,6.7,6.03,2.58,72.73,93.05,6.59,50.85,51.46
real_estate,Real Estate,#ef4444,2024Q2,13.32,7.05,7.7,-2.19,-3.44,0.92,2.33,-8.26,-32.23,-23.02,0.45,34.44,-1047.13,2521.68,6.74,4.5,6.69,6.54,2.68,72.18,94.18,6.42,51.48,51.64
real_estate,Real Estate,#ef4444,2024Q3,11.53,6.64,6.77,0.73,-2.29,1.17,1.62,-5.24,-28.77,-20.02,0.45,32.98,-848.08,2389.45,6.71,4.69,6.07,7.2,2.71,71.54,93.71,7.18,52.1,52.02
real_estate,Real Estate,#ef4444,2024Q4,10.48,6.12,6.05,2.52,-1.74,1.33,1.63,-1.69,-24.29,-16.9,0.62,29.69,-425.99,2349.12,6.52,5.22,5.8,6.89,2.74,69.97,94.48,7.02,52.98,52.44
real_estate,Real Estate,#ef4444,2025Q1,10.21,5.63,5.96,2.64,-1.19,1.25,1.69,-5.15,-20.35,-13.6,0.54,32.81,481.48,2228.1,6.28,5.07,5.61,6.9,2.78,69.0,96.6,5.22,53.66,52.81
real_estate,Real Estate,#ef4444,2025Q2,10.43,5.81,5.98,4.03,-0.63,1.31,1.15,-6.0,-18.09,-13.1,0.7,32.5,-837.95,2094.37,6.01,5.69,5.43,5.08,2.66,68.58,99.31,3.63,54.1,53.84
telecom,Telecom,#84cc16,2018Q1,6.02,3.22,4.21,5.24,0.73,1.8,1.04,0.8,0.8,-12.18,1.02,32.21,43.78,10583.48,5.27,5.59,6.03,6.18,2.3,72.39,105.72,8.7,52.24,53.57
telecom,Telecom,#84cc16,2018Q2,5.61,2.94,4.0,7.08,1.32,2.18,0.77,1.96,2.75,-9.73,1.04,30.39,673.3,10790.5,5.46,5.28,6.72,6.65,2.41,73.09,105.79,9.76,53.21,54.27
telecom,Telecom,#84cc16,2018Q3,5.71,3.09,3.64,6.04,1.42,2.06,0.6,3.49,6.24,-9.58,1.05,31.11,1029.33,11166.63,5.87,5.31,7.18,6.9,2.41,73.63,105.38,10.96,53.55,54.45
telecom,Telecom,#84cc16,2018Q4,5.61,3.09,4.01,6.8,1.11,2.11,0.78,1.8,8.03,-11.32,1.14,29.68,1579.74,11367.28,6.09,5.17,7.51,6.9,2.44,74.47,106.0,10.97,53.92,54.88
telecom,Telecom,#84cc16,2019Q1,4.6,2.43,3.36,7.82,0.61,2.26,0.77,1.81,9.05,-7.11,1.23,28.01,751.86,11572.81,5.99,5.25,7.65,5.53,2.34,74.64,103.86,10.12,54.48,54.49
telecom,Telecom,#84cc16,2019Q2,5.42,2.97,3.77,7.27,0.44,2.07,0.85,0.85,7.94,-6.05,1.04,28.82,1998.53,11671.42,6.08,5.08,7.63,4.67,2.2,74.9,102.77,10.2,53.41,53.75
telecom,Telecom,#84cc16,2019Q3,6.55,3.48,4.55,5.07,-1.27,1.9,1.53,-1.11,3.35,-12.52,0.93,31.86,706.33,11542.27,6.15,4.57,7.2,3.7,2.14,73.6,99.25,6.14,52.71,52.9
telecom,Telecom,#84cc16,2019Q4,6.79,3.82,4.79,3.17,-2.05,1.84,1.78,-4.96,-3.41,-16.37,0.82,34.58,-1050.59,10969.85,5.97,4.17,6.87,3.03,1.84,72.92,87.82,4.49,52.39,52.19
telecom,Telecom,#84cc16,2020Q1,6.42,3.64,4.13,5.22,-2.06,1.99,1.35,-1.39,-6.6,-12.87,1.1,29.96,-39.13,10817.3,5.79,3.97,5.38,0.09,1.73,68.88,86.02,-7.25,47.61,48.52
telecom,Telecom,#84cc16,2020Q2,5.07,2.68,3.4,6.56,-2.59,1.75,0.71,-0.05,-7.51,-11.24,1.28,28.8,1155.33,10811.48,5.46,4.13,4.75,-0.33,1.56,67.52,87.82,-5.82,46.35,48.02
telecom,Telecom,#84cc16,2020Q3,5.07,2.97,3.46,6.43,-2.1,2.03,0.59,3.61,-2.79,-7.12,1.18,29.12,987.25,11201.88,5.32,4.16,4.13,0.57,1.46,66.63,87.85,-4.4,46.34,48.01
telecom,Telecom,#84cc16,2020Q4,5.29,2.78,3.5,5.49,-2.21,2.06,0.71,5.48,7.64,-7.1,1.28,30.3,1638.65,11815.34,5.04,4.25,3.87,5.5,1.28,66.01,87.01,-2.42,46.7,47.79
telecom,Telecom,#84cc16,2021Q1,4.66,2.65,3.37,7.0,-1.56,2.16,0.76,3.28,12.31,-10.25,1.12,30.97,1075.63,12203.0,4.74,4.25,5.14,5.78,1.32,69.07,96.46,10.04,51.74,52.38
telecom,Telecom,#84cc16,2021Q2,5.25,2.75,3.53,5.68,-1.72,2.01,0.76,2.39,14.76,-8.53,1.18,28.63,872.98,12494.49,4.65,4.7,5.42,7.07,1.21,68.1,100.26,10.71,52.06,52.89
telecom,Telecom,#84cc16,2021Q3,5.46,2.85,3.83,6.56,-0.27,1.99,0.61,0.23,11.38,-7.69,1.21,30.0,798.75,12523.79,4.51,4.96,5.45,6.67,1.11,69.13,100.25,11.19,53.03,53.23
telecom,Telecom,#84cc16,2021Q4,5.45,3.13,3.63,7.38,-0.2,1.99,1.03,0.36,6.27,-9.71,1.18,29.71,-100.49,12569.39,4.4,5.23,5.82,6.82,1.16,69.31,102.55,10.49,53.9,53.92
telecom,Telecom,#84cc16,2022Q1,5.52,3.04,3.81,7.06,0.5,1.93,0.96,-2.26,0.73,-10.1,1.1,32.6,-11.51,12285.2,4.59,5.51,5.92,5.81,1.64,70.98,105.51,10.56,54.23,54.44
telecom,Telecom,#84cc16,2022Q2,5.63,2.96,3.96,6.82,0.98,2.0,0.96,-1.8,-3.46,-10.41,1.08,30.44,1327.41,12064.54,4.65,6.04,6.45,5.1,1.76,71.92,105.38,7.76,54.08,54.51
telecom,Telecom,#84cc16,2022Q3,5.46,2.93,3.89,6.58,1.37,1.92,1.2,-1.59,-5.28,-10.21,1.16,29.01,917.69,11872.91,5.49,6.05,6.95,4.61,1.94,72.82,105.62,5.03,53.73,54.28
telecom,Telecom,#84cc16,2022Q4,6.1,3.24,4.23,7.37,1.31,1.97,1.08,-1.57,-7.21,-7.25,1.12,26.88,1097.1,11686.6,5.7,5.77,7.08,2.67,2.13,73.79,104.48,4.76,52.82,53.9
telecom,Telecom,#84cc16,2023Q1,6.6,3.75,4.41,3.59,0.49,1.88,1.42,0.49,-4.47,-16.02,0.92,32.33,-190.4,11743.3,5.98,5.55,7.49,3.3,2.13,74.2,103.21,2.18,52.18,53.29
telecom,Telecom,#84cc16,2023Q2,5.8,3.06,4.04,4.74,-0.73,2.04,1.05,3.32,0.65,-13.26,1.09,31.53,886.56,12133.61,6.22,5.33,7.35,3.41,2.19,74.85,101.99,4.96,51.37,52.72
telecom,Telecom,#84cc16,2023Q3,5.29,2.85,3.62,7.27,-0.2,1.94,1.04,2.54,4.78,-10.22,1.16,29.47,1309.49,12442.07,6.61,4.68,7.37,3.72,2.26,74.39,98.51,7.92,50.88,52.4
telecom,Telecom,#84cc16,2023Q4,4.96,2.63,3.11,8.42,-0.62,2.13,0.48,3.07,9.42,-8.87,1.35,28.0,1998.35,12823.92,6.67,4.67,7.18,4.33,2.54,73.6,96.95,10.31,50.5,51.17
telecom,Telecom,#84cc16,2024Q1,5.0,2.83,3.59,5.52,-1.7,1.88,0.56,1.04,9.97,-10.76,1.16,26.51,996.53,12957.16,6.74,4.53,6.7,6.03,2.58,72.73,93.05,11.32,50.85,51.46
telecom,Telecom,#84cc16,2024Q2,5.11,2.71,3.35,5.83,-2.13,2.04,0.78,2.51,9.16,-6.55,1.16,28.87,1319.9,13282.6,6.74,4.5,6.69,6.54,2.68,72.18,94.18,11.3,51.48,51.64
telecom,Telecom,#84cc16,2024Q3,5.52,3.1,3.65,7.19,-2.61,1.95,0.67,-0.61,6.01,-11.04,1.25,29.89,1377.71,13202.13,6.71,4.69,6.07,7.2,2.71,71.54,93.71,9.48,52.1,52.02
telecom,Telecom,#84cc16,2024Q4,5.58,2.98,3.77,7.02,-2.31,1.85,0.95,-3.87,-0.92,-12.07,1.03,29.42,1151.01,12691.53,6.52,5.22,5.8,6.89,2.74,69.97,94.48,9.81,52.98,52.44
telecom,Telecom,#84cc16,2025Q1,5.77,3.09,3.86,5.66,-2.46,1.91,1.05,-2.66,-4.63,-10.06,1.22,30.03,1117.07,12353.34,6.28,5.07,5.61,6.9,2.78,69.0,96.6,7.29,53.66,52.81
telecom,Telecom,#84cc16,2025Q2,5.54,3.17,3.76,4.79,-1.94,1.97,1.21,-1.46,-8.6,-12.04,0.89,30.61,498.26,12173.06,6.01,5.69,5.43,5.08,2.66,68.58,99.31,5.56,54.1,53.84
