sector_id,sector_name,sector_color,quarter,gnpa_ratio,net_npa_ratio,sma_ratio,credit_growth_yoy,credit_to_gdp_gap,interest_coverage_ratio,restructured_assets_pct,index_return_1q,index_return_4q,drawdown_52w,price_to_book,implied_vol,fii_flow_qoq,index_level,repo_rate,cpi_inflation,gdp_growth_yoy,iip_growth,current_account_deficit_pct_gdp,capacity_utilisation,business_confidence_index,gst_eway_bill_growth,pmi_manufacturing,pmi_services,stress_label_target,observed_stress_event,stress_probability,stress_score,stress_label,logistic_regression_probability,random_forest_probability,xgboost_probability,lgbm_probability,supervisory_overlay_probability,base_value
auto,Auto & Auto-Anc.,#14b8a6,2018Q1,5.52,3.0,3.91,7.75,0.49,2.43,1.13,0.21,0.21,-12.42,1.9,33.45,919.67,13528.2,5.27,5.59,6.03,6.18,2.3,72.39,105.72,8.43,52.24,53.57,0.0,False,0.143728,14,GREEN,0.018516,0.017164,0.006779,0.00865,0.143728,0.5006
auto,Auto & Auto-Anc.,#14b8a6,2018Q2,5.47,2.94,3.91,7.85,0.98,2.58,1.14,-1.3,-1.09,-12.91,1.71,33.06,1023.91,13351.88,5.46,5.28,6.72,6.65,2.41,73.09,105.79,9.57,53.21,54.27,0.0,False,0.138357,14,GREEN,0.194253,0.041101,0.038204,0.027113,0.138357,0.5006
auto,Auto & Auto-Anc.,#14b8a6,2018Q3,5.56,3.24,3.96,9.61,0.9,2.66,1.26,1.05,-0.04,-8.5,1.66,32.87,944.48,13492.48,5.87,5.31,7.18,6.9,2.41,73.63,105.38,10.86,53.55,54.45,0.0,False,0.124236,12,GREEN,0.164061,0.087786,0.051683,0.034889,0.124236,0.5006
auto,Auto & Auto-Anc.,#14b8a6,2018Q4,5.31,3.08,3.76,9.05,0.93,2.56,0.9,-0.51,-0.56,-10.69,1.82,35.01,1315.68,13423.0,6.09,5.17,7.51,6.9,2.44,74.47,106.0,10.98,53.92,54.88,0.0,False,0.106873,11,GREEN,0.204324,0.069416,0.03256,0.016067,0.106873,0.5006
auto,Auto & Auto-Anc.,#14b8a6,2019Q1,5.22,2.84,3.89,9.1,0.08,2.64,1.01,-2.51,-3.28,-11.31,1.88,31.38,688.41,13085.66,5.99,5.25,7.65,5.53,2.34,74.64,103.86,10.31,54.48,54.49,0.0,False,0.114702,11,GREEN,0.240119,0.089346,0.025224,0.030205,0.114702,0.5006
auto,Auto & Auto-Anc.,#14b8a6,2019Q2,5.29,2.77,3.48,9.59,-0.07,2.77,0.78,-0.61,-2.58,-8.41,1.64,33.05,969.72,13005.94,6.08,5.08,7.63,4.67,2.2,74.9,102.77,9.41,53.41,53.75,0.0,False,0.085946,9,GREEN,0.164512,0.028739,0.012796,0.025202,0.085946,0.5006
auto,Auto & Auto-Anc.,#14b8a6,2019Q3,5.26,2.95,3.72,8.31,-0.99,2.66,0.88,0.48,-3.15,-8.27,1.88,31.57,536.36,13068.99,6.15,4.57,7.2,3.7,2.14,73.6,99.25,6.85,52.71,52.9,0.0,False,0.097271,10,GREEN,0.001997,0.062302,0.025096,0.027706,0.097271,0.5006
auto,Auto & Auto-Anc.,#14b8a6,2019Q4,5.97,3.13,4.23,9.09,-1.6,2.29,1.13,0.96,-1.68,-13.91,1.51,34.95,585.11,13193.97,5.97,4.17,6.87,3.03,1.84,72.92,87.82,6.01,52.39,52.19,0.0,False,0.266442,27,GREEN,0.432345,0.086405,0.026909,0.016611,0.266442,0.5006
auto,Auto & Auto-Anc.,#14b8a6,2020Q1,6.42,3.53,4.54,7.54,-1.6,2.47,1.37,-2.71,-1.88,-13.33,1.65,34.18,127.28,12836.01,5.79,3.97,5.38,0.09,1.73,68.88,86.02,-6.69,47.61,48.52,0.0,False,0.295619,30,GREEN,0.142226,0.034707,0.009964,0.0179,0.295619,0.5006
auto,Auto & Auto-Anc.,#14b8a6,2020Q2,6.88,3.98,4.66,6.61,-2.95,2.3,1.28,-3.77,-5.04,-15.14,1.49,37.23,-555.55,12352.24,5.46,4.13,4.75,-0.33,1.56,67.52,87.82,-6.57,46.35,48.02,0.0,False,0.424906,42,AMBER,0.082506,0.024544,0.005883,0.002166,0.424906,0.5006
auto,Auto & Auto-Anc.,#14b8a6,2020Q3,5.89,3.41,4.16,8.92,-2.6,2.51,1.32,-1.38,-6.91,-12.97,1.85,33.13,195.33,12181.42,5.32,4.16,4.13,0.57,1.46,66.63,87.85,-4.38,46.34,48.01,0.0,False,0.188773,19,GREEN,0.011386,0.018614,0.002654,0.001132,0.188773,0.5006
auto,Auto & Auto-Anc.,#14b8a6,2020Q4,5.69,3.06,3.64,9.14,-3.1,2.66,1.09,1.25,-6.61,-12.87,1.64,32.85,369.09,12334.0,5.04,4.25,3.87,5.5,1.28,66.01,87.01,-2.77,46.7,47.79,0.0,False,0.133967,13,GREEN,0.005552,0.008063,0.002045,0.001117,0.133967,0.5006
auto,Auto & Auto-Anc.,#14b8a6,2021Q1,5.24,3.08,3.75,10.12,-1.54,2.72,0.89,-2.87,-6.77,-10.42,1.89,30.69,628.55,11980.48,4.74,4.25,5.14,5.78,1.32,69.07,96.46,9.66,51.74,52.38,0.0,False,0.089916,9,GREEN,0.001797,0.005505,0.001444,0.000521,0.089916,0.5006
auto,Auto & Auto-Anc.,#14b8a6,2021Q2,5.2,2.91,3.63,10.55,-1.18,2.68,0.6,-2.9,-5.9,-8.01,1.92,32.58,1743.41,11632.59,4.65,4.7,5.42,7.07,1.21,68.1,100.26,11.48,52.06,52.89,0.0,False,0.076916,8,GREEN,0.002662,0.01207,0.002336,0.000779,0.076916,0.5006
auto,Auto & Auto-Anc.,#14b8a6,2021Q3,4.89,2.69,3.52,11.52,-0.07,2.73,0.77,-2.37,-6.89,-7.75,1.78,31.17,911.62,11356.62,4.51,4.96,5.45,6.67,1.11,69.13,100.25,12.4,53.03,53.23,0.0,False,0.064969,6,GREEN,0.023224,0.03952,0.005861,0.002262,0.064969,0.5006
auto,Auto & Auto-Anc.,#14b8a6,2021Q4,5.01,2.86,3.57,9.53,0.08,2.64,0.79,-0.2,-8.34,-11.73,1.82,32.31,809.62,11333.95,4.4,5.23,5.82,6.82,1.16,69.31,102.55,10.15,53.9,53.92,0.0,False,0.084478,8,GREEN,0.274657,0.102927,0.016984,0.012059,0.082767,0.5006
auto,Auto & Auto-Anc.,#14b8a6,2022Q1,5.42,2.99,3.75,8.28,0.8,2.48,0.99,-3.01,-8.48,-12.15,1.77,31.81,611.6,10993.24,4.59,5.51,5.92,5.81,1.64,70.98,105.51,11.0,54.23,54.44,0.0,False,0.145287,15,GREEN,0.52773,0.170764,0.037464,0.035487,0.117637,0.5006
auto,Auto & Auto-Anc.,#14b8a6,2022Q2,5.38,3.07,3.81,8.95,0.61,2.48,1.08,-1.71,-7.29,-15.16,1.73,31.35,1554.79,10805.36,4.65,6.04,6.45,5.1,1.76,71.92,105.38,7.4,54.08,54.51,1.0,False,0.55696,56,AMBER,0.652238,0.591031,0.96609,0.967546,0.155907,0.5006
auto,Auto & Auto-Anc.,#14b8a6,2022Q3,5.51,3.18,4.09,8.44,0.78,2.62,0.94,-3.54,-8.45,-12.91,1.82,32.68,785.62,10423.13,5.49,6.05,6.95,4.61,1.94,72.82,105.62,5.09,53.73,54.28,1.0,False,0.55696,56,AMBER,0.656491,0.670679,0.974656,0.980375,0.147753,0.5006
auto,Auto & Auto-Anc.,#14b8a6,2022Q4,7.29,4.27,5.02,7.82,-0.06,2.46,1.74,-3.58,-11.83,-18.37,1.35,34.79,-204.85,10050.31,5.7,5.77,7.08,2.67,2.13,73.79,104.48,3.31,52.82,53.9,0.0,True,0.589928,59,AMBER,0.169791,0.146629,0.03584,0.018852,0.589928,0.5006
auto,Auto & Auto-Anc.,#14b8a6,2023Q1,6.13,3.57,4.39,7.43,0.8,2.56,1.77,-1.02,-9.85,-16.22,1.66,35.22,243.84,9947.6,5.98,5.55,7.49,3.3,2.13,74.2,103.21,2.64,52.18,53.29,0.0,False,0.326733,33,GREEN,0.187189,0.091787,0.029913,0.024023,0.326733,0.5006
auto,Auto & Auto-Anc.,#14b8a6,2023Q2,5.64,3.3,3.87,9.19,0.72,2.54,0.88,-1.14,-9.27,-14.01,1.64,32.49,511.03,9834.48,6.22,5.33,7.35,3.41,2.19,74.85,101.99,4.75,51.37,52.72,0.0,False,0.175472,18,GREEN,0.043552,0.058232,0.008012,0.011037,0.175472,0.5006
auto,Auto & Auto-Anc.,#14b8a6,2023Q3,4.97,2.64,3.66,10.19,-0.02,2.6,0.79,2.94,-2.79,-8.64,1.78,31.62,545.3,10124.05,6.61,4.68,7.37,3.72,2.26,74.39,98.51,7.96,50.88,52.4,0.0,False,0.08931,9,GREEN,0.041325,0.017723,0.003395,0.00521,0.08931,0.5006
auto,Auto & Auto-Anc.,#14b8a6,2023Q4,5.09,2.65,3.73,9.41,-0.54,2.65,0.74,1.78,2.56,-8.17,1.96,32.84,1485.58,10303.85,6.67,4.67,7.18,4.33,2.54,73.6,96.95,10.84,50.5,51.17,0.0,False,0.097711,10,GREEN,0.04079,0.009505,0.005084,0.006228,0.097711,0.5006
auto,Auto & Auto-Anc.,#14b8a6,2024Q1,4.83,2.62,3.3,10.47,-0.47,2.62,0.49,-0.15,3.44,-6.34,1.94,31.47,1750.65,10288.72,6.74,4.53,6.7,6.03,2.58,72.73,93.05,10.86,50.85,51.46,0.0,False,0.069461,7,GREEN,0.033135,0.004765,0.008526,0.00423,0.069461,0.5006
auto,Auto & Auto-Anc.,#14b8a6,2024Q2,5.12,2.91,3.69,10.1,-1.42,2.61,0.65,2.45,7.02,-7.71,1.97,31.2,1126.92,10540.83,6.74,4.5,6.69,6.54,2.68,72.18,94.18,11.32,51.48,51.64,0.0,False,0.097235,10,GREEN,0.016464,0.001105,0.004055,0.002338,0.097235,0.5006
auto,Auto & Auto-Anc.,#14b8a6,2024Q3,5.28,2.94,3.4,9.3,-1.5,2.58,0.57,1.75,5.83,-7.41,1.87,30.87,1525.47,10724.99,6.71,4.69,6.07,7.2,2.71,71.54,93.71,9.55,52.1,52.02,0.0,False,0.090059,9,GREEN,0.055182,0.000348,0.002582,0.001536,0.090059,0.5006
auto,Auto & Auto-Anc.,#14b8a6,2024Q4,5.41,2.97,3.75,9.2,-2.38,2.65,0.79,-3.59,0.46,-8.48,1.88,32.37,995.48,10340.26,6.52,5.22,5.8,6.89,2.74,69.97,94.48,9.43,52.98,52.44,0.0,False,0.111468,11,GREEN,0.005873,0.012679,0.001769,0.000961,0.111468,0.5006
auto,Auto & Auto-Anc.,#14b8a6,2025Q1,5.55,3.18,3.78,8.59,-1.56,2.4,1.07,-3.63,-3.02,-10.8,1.75,29.8,757.1,9965.32,6.28,5.07,5.61,6.9,2.78,69.0,96.6,6.79,53.66,52.81,,False,0.140135,14,GREEN,0.001762,0.022625,0.003129,0.001252,0.140135,0.5006
auto,Auto & Auto-Anc.,#14b8a6,2025Q2,5.11,2.73,3.85,9.72,-1.82,2.54,1.22,1.69,-3.77,-9.38,1.68,32.77,670.11,10133.85,6.01,5.69,5.43,5.08,2.66,68.58,99.31,4.56,54.1,53.84,,False,0.098819,10,GREEN,0.000781,0.032706,0.006868,0.001995,0.098819,0.5006
banking,Banking & Finance,#3b82f6,2018Q1,7.86,4.56,4.88,7.5,0.85,1.98,1.07,-0.03,-0.03,-9.21,0.95,24.93,1274.62,14994.81,5.27,5.59,6.03,6.18,2.3,72.39,105.72,10.15,52.24,53.57,0.0,False,0.517077,52,AMBER,0.01377,0.033668,0.00179,0.010084,0.517077,0.5006
banking,Banking & Finance,#3b82f6,2018Q2,7.53,4.23,4.7,7.39,0.99,1.89,1.2,1.6,1.57,-14.61,1.09,30.29,892.64,15234.98,5.46,5.28,6.72,6.65,2.41,73.09,105.79,8.91,53.21,54.27,0.0,False,0.595319,60,AMBER,0.330862,0.110325,0.022999,0.017235,0.595319,0.5006
banking,Banking & Finance,#3b82f6,2018Q3,7.51,4.21,4.5,7.86,0.7,2.14,1.08,2.99,4.56,-13.4,1.09,28.09,633.65,15690.44,5.87,5.31,7.18,6.9,2.41,73.63,105.38,11.06,53.55,54.45,1.0,False,0.55696,56,AMBER,0.598122,0.537686,0.936989,0.937668,0.490522,0.5006
banking,Banking & Finance,#3b82f6,2018Q4,8.92,4.9,5.36,5.72,-0.33,1.8,1.58,-5.46,-0.9,-18.55,0.88,29.2,-854.18,14833.65,6.09,5.17,7.51,6.9,2.44,74.47,106.0,10.11,53.92,54.88,0.0,False,0.889067,89,RED,0.919978,0.357786,0.094321,0.109532,0.889067,0.5006
banking,Banking & Finance,#3b82f6,2019Q1,9.48,5.13,5.82,5.09,-0.75,1.92,1.97,-5.4,-6.27,-18.8,0.77,32.0,238.53,14032.11,5.99,5.25,7.65,5.53,2.34,74.64,103.86,7.96,54.48,54.49,0.0,False,0.926927,93,RED,1.9e-05,0.243666,0.079767,0.069834,0.926927,0.5006
banking,Banking & Finance,#3b82f6,2019Q2,9.47,5.05,6.1,5.17,-1.75,1.66,2.03,-7.35,-15.22,-17.37,0.5,30.55,-751.82,13000.81,6.08,5.08,7.63,4.67,2.2,74.9,102.77,6.12,53.41,53.75,0.0,False,0.941098,94,RED,0.178301,0.167043,0.018269,0.023782,0.941098,0.5006
banking,Banking & Finance,#3b82f6,2019Q3,8.66,4.78,5.47,5.97,-2.06,1.7,1.67,-4.02,-22.23,-18.77,0.73,30.85,-122.49,12478.07,6.15,4.57,7.2,3.7,2.14,73.6,99.25,6.01,52.71,52.9,0.0,False,0.896205,90,RED,0.20074,0.070142,0.009703,0.006246,0.896205,0.5006
banking,Banking & Finance,#3b82f6,2019Q4,7.66,4.05,4.68,7.32,-2.16,1.86,0.97,-1.14,-17.92,-13.33,0.94,27.84,1258.61,12335.46,5.97,4.17,6.87,3.03,1.84,72.92,87.82,4.53,52.39,52.19,0.0,False,0.599308,60,AMBER,0.029579,0.076984,0.011657,0.002205,0.599308,0.5006
banking,Banking & Finance,#3b82f6,2020Q1,6.84,3.88,4.5,8.12,-1.96,1.9,0.78,-0.04,-12.55,-10.33,1.17,26.66,877.5,12330.36,5.79,3.97,5.38,0.09,1.73,68.88,86.02,-5.91,47.61,48.52,0.0,False,0.375995,38,GREEN,0.010136,0.017948,0.005325,0.002698,0.375995,0.5006
banking,Banking & Finance,#3b82f6,2020Q2,6.99,3.65,4.13,6.84,-1.89,2.11,0.68,-1.78,-6.99,-8.59,1.25,28.54,1063.69,12110.37,5.46,4.13,4.75,-0.33,1.56,67.52,87.82,-5.94,46.35,48.02,0.0,False,0.281574,28,GREEN,0.001942,0.008635,0.011716,0.004593,0.281574,0.5006
banking,Banking & Finance,#3b82f6,2020Q3,6.81,3.66,4.25,7.43,-1.43,2.14,0.99,0.01,-2.96,-7.82,1.2,27.14,1281.03,12111.75,5.32,4.16,4.13,0.57,1.46,66.63,87.85,-3.93,46.34,48.01,0.0,False,0.279891,28,GREEN,0.000397,0.001099,0.007501,0.002616,0.279891,0.5006
banking,Banking & Finance,#3b82f6,2020Q4,7.17,3.77,4.49,6.82,-1.78,1.95,0.73,3.77,1.95,-6.36,1.25,27.04,1273.63,12568.2,5.04,4.25,3.87,5.5,1.28,66.01,87.01,-2.18,46.7,47.79,0.0,False,0.377932,38,GREEN,0.00138,0.000924,0.011454,0.00746,0.377932,0.5006
banking,Banking & Finance,#3b82f6,2021Q1,6.93,3.94,4.37,8.3,-1.68,2.01,0.81,4.05,6.05,-7.54,1.16,26.78,871.15,13077.67,4.74,4.25,5.14,5.78,1.32,69.07,96.46,10.06,51.74,52.38,0.0,False,0.326293,33,GREEN,0.000951,0.000924,0.005314,0.004404,0.326293,0.5006
banking,Banking & Finance,#3b82f6,2021Q2,6.9,3.72,4.26,7.21,-0.47,2.03,0.69,0.22,8.06,-7.93,1.21,28.08,811.91,13106.83,4.65,4.7,5.42,7.07,1.21,68.1,100.26,9.97,52.06,52.89,0.0,False,0.302589,30,GREEN,0.012802,0.003732,0.005463,0.003745,0.302589,0.5006
banking,Banking & Finance,#3b82f6,2021Q3,6.94,3.8,4.42,8.79,0.38,1.98,0.78,-1.19,6.86,-9.47,1.1,26.24,877.92,12951.08,4.51,4.96,5.45,6.67,1.11,69.13,100.25,11.16,53.03,53.23,0.0,False,0.338497,34,GREEN,0.07339,0.029388,0.020129,0.012617,0.338497,0.5006
banking,Banking & Finance,#3b82f6,2021Q4,7.09,4.13,4.41,8.12,0.65,1.91,0.9,0.42,3.51,-12.21,0.94,24.83,850.57,13005.35,4.4,5.23,5.82,6.82,1.16,69.31,102.55,10.73,53.9,53.92,0.0,False,0.428249,43,AMBER,0.512542,0.135152,0.034732,0.032761,0.428249,0.5006
banking,Banking & Finance,#3b82f6,2022Q1,7.16,4.09,4.16,8.29,1.54,1.91,0.9,-3.01,-3.55,-11.65,1.08,28.73,1658.37,12614.37,4.59,5.51,5.92,5.81,1.64,70.98,105.51,10.54,54.23,54.44,0.0,False,0.392933,39,GREEN,0.48403,0.12327,0.01643,0.021992,0.392933,0.5006
banking,Banking & Finance,#3b82f6,2022Q2,7.59,4.14,4.88,8.05,1.24,2.05,1.35,-0.46,-4.24,-11.54,1.18,26.7,804.76,12556.38,4.65,6.04,6.45,5.1,1.76,71.92,105.38,8.83,54.08,54.51,0.0,False,0.515995,52,AMBER,0.300812,0.158158,0.029258,0.034677,0.515995,0.5006
banking,Banking & Finance,#3b82f6,2022Q3,7.48,4.09,4.68,8.12,1.25,1.85,1.15,-2.61,-5.66,-13.79,1.05,27.65,711.41,12228.54,5.49,6.05,6.95,4.61,1.94,72.82,105.62,5.21,53.73,54.28,0.0,False,0.574605,57,AMBER,0.586098,0.177871,0.023688,0.035842,0.574605,0.5006
banking,Banking & Finance,#3b82f6,2022Q4,8.01,4.46,5.01,6.58,0.68,1.82,1.49,-2.06,-8.14,-17.4,0.76,28.98,373.78,11976.48,5.7,5.77,7.08,2.67,2.13,73.79,104.48,3.58,52.82,53.9,0.0,False,0.772064,77,RED,0.376337,0.106958,0.024215,0.052245,0.772064,0.5006
banking,Banking & Finance,#3b82f6,2023Q1,8.5,4.95,5.46,5.37,-0.39,1.77,1.56,0.14,-5.0,-15.81,0.67,27.47,5.29,11992.67,5.98,5.55,7.49,3.3,2.13,74.2,103.21,2.45,52.18,53.29,0.0,False,0.839026,84,RED,0.209449,0.059343,0.029329,0.016718,0.839026,0.5006
banking,Banking & Finance,#3b82f6,2023Q2,8.75,4.71,5.49,5.97,-0.93,1.72,1.72,-4.05,-8.58,-15.57,0.82,29.96,695.25,11507.46,6.22,5.33,7.35,3.41,2.19,74.85,101.99,3.77,51.37,52.72,0.0,False,0.869173,87,RED,0.247591,0.100025,0.009107,0.006286,0.869173,0.5006
banking,Banking & Finance,#3b82f6,2023Q3,8.59,5.01,5.17,6.06,-1.52,1.78,1.46,0.54,-5.44,-15.28,1.0,30.4,1026.44,11569.19,6.61,4.68,7.37,3.72,2.26,74.39,98.51,7.1,50.88,52.4,0.0,False,0.832379,83,RED,0.044607,0.052473,0.004648,0.004537,0.832379,0.5006
banking,Banking & Finance,#3b82f6,2023Q4,7.76,4.17,4.77,6.59,-1.49,1.89,1.07,3.65,0.28,-12.29,1.08,27.38,928.23,11991.61,6.67,4.67,7.18,4.33,2.54,73.6,96.95,9.82,50.5,51.17,0.0,False,0.628569,63,AMBER,0.021655,0.001512,0.003407,0.004638,0.628569,0.5006
banking,Banking & Finance,#3b82f6,2024Q1,7.08,3.92,4.6,8.03,-1.66,1.89,0.86,2.45,2.6,-8.34,1.16,27.74,1330.28,12285.82,6.74,4.53,6.7,6.03,2.58,72.73,93.05,11.01,50.85,51.46,0.0,False,0.462985,46,AMBER,0.009109,0.004639,0.002872,0.00264,0.462985,0.5006
banking,Banking & Finance,#3b82f6,2024Q2,7.04,3.93,4.43,5.94,-2.06,1.69,0.66,0.75,7.39,-8.49,1.05,25.81,1703.06,12377.64,6.74,4.5,6.69,6.54,2.68,72.18,94.18,10.82,51.48,51.64,0.0,False,0.478347,48,AMBER,0.009174,0.005624,0.011709,0.005332,0.478347,0.5006
banking,Banking & Finance,#3b82f6,2024Q3,7.46,4.27,4.62,8.6,-2.26,1.87,0.88,-1.29,5.56,-12.0,1.11,25.88,1278.55,12217.84,6.71,4.69,6.07,7.2,2.71,71.54,93.71,9.65,52.1,52.02,0.0,False,0.566786,57,AMBER,0.005562,0.01382,0.009561,0.004947,0.566786,0.5006
banking,Banking & Finance,#3b82f6,2024Q4,6.99,3.94,4.4,8.02,-2.51,1.88,1.02,-2.27,-0.36,-12.43,1.17,27.31,196.4,11940.6,6.52,5.22,5.8,6.89,2.74,69.97,94.48,9.72,52.98,52.44,0.0,False,0.485129,49,AMBER,0.003551,0.003063,0.012679,0.008647,0.485129,0.5006
banking,Banking & Finance,#3b82f6,2025Q1,7.41,4.29,4.68,6.44,-1.76,1.91,0.93,-0.88,-3.69,-7.7,1.24,28.76,597.95,11835.47,6.28,5.07,5.61,6.9,2.78,69.0,96.6,7.21,53.66,52.81,,False,0.488127,49,AMBER,0.000896,0.012771,0.004869,0.004162,0.488127,0.5006
banking,Banking & Finance,#3b82f6,2025Q2,7.55,4.19,4.71,7.79,-1.4,1.87,1.0,-0.89,-5.33,-10.89,1.1,28.25,361.61,11729.67,6.01,5.69,5.43,5.08,2.66,68.58,99.31,5.88,54.1,53.84,,False,0.530441,53,AMBER,0.00025,0.015761,0.006901,0.004455,0.530441,0.5006
fmcg,FMCG,#06b6d4,2018Q1,2.27,1.18,2.57,8.21,0.04,3.95,1.11,-2.78,-2.78,-9.75,3.69,18.93,597.84,17013.05,5.27,5.59,6.03,6.18,2.3,72.39,105.72,10.94,52.24,53.57,0.0,False,0.025157,3,GREEN,0.000884,0.010251,0.006484,0.008704,0.012188,0.5006
fmcg,FMCG,#06b6d4,2018Q2,2.12,1.11,2.38,8.69,1.93,4.09,0.87,0.72,-2.06,-13.21,3.73,22.28,1147.04,17136.11,5.46,5.28,6.72,6.65,2.41,73.09,105.79,9.7,53.21,54.27,0.0,False,0.025157,3,GREEN,0.007806,0.020758,0.004653,0.004539,0.0136,0.5006
fmcg,FMCG,#06b6d4,2018Q3,1.99,1.06,2.32,8.36,0.89,4.04,0.93,1.29,-0.77,-7.69,3.77,18.14,825.62,17356.51,5.87,5.31,7.18,6.9,2.41,73.63,105.38,12.74,53.55,54.45,0.0,False,0.025157,3,GREEN,0.019572,0.048097,0.013587,0.014399,0.009874,0.5006
fmcg,FMCG,#06b6d4,2018Q4,1.77,1.03,2.18,8.24,0.99,4.08,0.87,2.26,1.49,-7.94,3.77,18.53,1130.8,17749.16,6.09,5.17,7.51,6.9,2.44,74.47,106.0,11.98,53.92,54.88,0.0,False,0.025157,3,GREEN,0.040949,0.040583,0.017085,0.005976,0.009546,0.5006
fmcg,FMCG,#06b6d4,2019Q1,2.1,1.15,2.04,8.57,1.67,4.11,0.66,5.08,9.35,-9.06,3.79,19.98,1456.44,18650.92,5.99,5.25,7.65,5.53,2.34,74.64,103.86,10.93,54.48,54.49,0.0,False,0.043676,4,GREEN,0.295278,0.031214,0.008432,0.009637,0.008855,0.5006
fmcg,FMCG,#06b6d4,2019Q2,2.37,1.34,2.48,9.45,0.62,4.2,0.68,3.4,12.02,-11.59,3.61,19.7,1324.6,19284.24,6.08,5.08,7.63,4.67,2.2,74.9,102.77,9.55,53.41,53.75,0.0,False,0.1032,10,GREEN,0.422192,0.030401,0.013466,0.012589,0.015041,0.5006
fmcg,FMCG,#06b6d4,2019Q3,2.01,1.19,2.34,8.89,0.55,4.16,0.82,3.47,14.21,-7.96,3.84,19.53,1641.63,19953.61,6.15,4.57,7.2,3.7,2.14,73.6,99.25,8.51,52.71,52.9,0.0,False,0.1032,10,GREEN,0.610135,0.04849,0.014238,0.031684,0.010427,0.5006
fmcg,FMCG,#06b6d4,2019Q4,2.08,1.22,2.2,10.41,-0.12,4.24,0.63,9.01,20.96,-8.92,3.81,18.89,1978.13,21752.37,5.97,4.17,6.87,3.03,1.84,72.92,87.82,8.81,52.39,52.19,0.0,False,0.108638,11,GREEN,0.480111,0.110873,0.022322,0.026499,0.009405,0.5006
fmcg,FMCG,#06b6d4,2020Q1,1.72,1.01,2.14,9.35,-1.0,4.17,0.73,3.68,19.56,-6.8,3.88,18.35,1608.45,22552.2,5.79,3.97,5.38,0.09,1.73,68.88,86.02,-4.27,47.61,48.52,0.0,False,0.018519,2,GREEN,0.180211,0.055504,0.007518,0.008489,0.008595,0.5006
fmcg,FMCG,#06b6d4,2020Q2,1.68,0.96,1.89,8.96,-1.27,4.07,0.63,0.83,17.0,-4.17,3.85,17.87,1447.29,22740.29,5.46,4.13,4.75,-0.33,1.56,67.52,87.82,-5.15,46.35,48.02,0.0,False,0.007034,1,GREEN,0.023945,0.047706,0.006894,0.016713,0.007034,0.5006
fmcg,FMCG,#06b6d4,2020Q3,1.65,0.89,1.72,9.65,-1.15,4.03,0.54,2.62,16.15,-7.11,3.96,17.31,1151.31,23336.19,5.32,4.16,4.13,0.57,1.46,66.63,87.85,-2.92,46.34,48.01,0.0,False,0.006369,1,GREEN,0.012459,0.0046,0.003572,0.008059,0.006369,0.5006
fmcg,FMCG,#06b6d4,2020Q4,1.9,1.0,2.05,7.99,-2.38,4.08,0.79,0.49,7.62,-7.45,3.93,18.09,1090.06,23449.63,5.04,4.25,3.87,5.5,1.28,66.01,87.01,-1.0,46.7,47.79,0.0,False,0.007819,1,GREEN,0.010113,0.001502,0.002218,0.002732,0.007819,0.5006
fmcg,FMCG,#06b6d4,2021Q1,2.15,1.24,2.31,8.43,-2.24,4.18,0.56,-1.61,2.33,-7.63,3.87,18.17,505.31,23073.02,4.74,4.25,5.14,5.78,1.32,69.07,96.46,11.15,51.74,52.38,0.0,False,0.009224,1,GREEN,0.000684,0.00154,0.002921,0.005172,0.009224,0.5006
fmcg,FMCG,#06b6d4,2021Q2,2.14,1.22,2.27,8.62,-2.14,4.19,0.64,-0.86,0.64,-5.62,3.77,18.08,1222.83,22875.27,4.65,4.7,5.42,7.07,1.21,68.1,100.26,11.94,52.06,52.89,0.0,False,0.009118,1,GREEN,0.000604,0.00154,0.002394,0.001846,0.009118,0.5006
fmcg,FMCG,#06b6d4,2021Q3,1.99,1.09,2.22,7.16,-1.41,4.05,0.72,0.68,-1.3,-8.17,3.8,19.74,914.91,23030.27,4.51,4.96,5.45,6.67,1.11,69.13,100.25,12.42,53.03,53.23,0.0,False,0.008409,1,GREEN,0.002375,0.00188,0.002934,0.00173,0.008409,0.5006
fmcg,FMCG,#06b6d4,2021Q4,2.47,1.38,2.38,7.91,-0.89,3.99,0.64,3.22,1.44,-6.95,3.86,16.77,2073.75,23772.45,4.4,5.23,5.82,6.82,1.16,69.31,102.55,11.7,53.9,53.92,0.0,False,0.011336,1,GREEN,0.010158,0.009649,0.004189,0.004173,0.011336,0.5006
fmcg,FMCG,#06b6d4,2022Q1,2.33,1.25,2.47,8.07,-0.35,4.01,0.85,1.41,4.45,-12.95,3.84,19.49,855.13,24107.65,4.59,5.51,5.92,5.81,1.64,70.98,105.51,11.7,54.23,54.44,0.0,False,0.1032,10,GREEN,0.112196,0.036436,0.007655,0.006886,0.015317,0.5006
fmcg,FMCG,#06b6d4,2022Q2,2.17,1.25,2.1,8.94,0.37,4.04,0.78,2.22,7.53,-12.59,3.64,19.01,1453.26,24642.05,4.65,6.04,6.45,5.1,1.76,71.92,105.38,9.39,54.08,54.51,0.0,False,0.196874,20,GREEN,0.592348,0.045905,0.018357,0.048356,0.011251,0.5006
fmcg,FMCG,#06b6d4,2022Q3,1.99,1.17,2.32,9.12,0.63,4.03,0.63,3.78,10.63,-8.92,3.72,19.63,1616.53,25573.12,5.49,6.05,6.95,4.61,1.94,72.82,105.62,5.43,53.73,54.28,0.0,False,0.084681,8,GREEN,0.070296,0.058668,0.033278,0.029106,0.008706,0.5006
fmcg,FMCG,#06b6d4,2022Q4,1.96,1.09,2.47,9.54,0.37,3.97,0.87,1.2,8.61,-11.9,3.89,20.12,1567.77,25881.19,5.7,5.77,7.08,2.67,2.13,73.79,104.48,5.32,52.82,53.9,0.0,False,0.084681,8,GREEN,0.090932,0.056916,0.008785,0.013137,0.012269,0.5006
fmcg,FMCG,#06b6d4,2023Q1,2.07,1.15,2.18,9.64,0.86,4.24,0.73,3.94,11.14,-9.94,3.73,17.61,1867.0,26900.66,5.98,5.55,7.49,3.3,2.13,74.2,103.21,5.32,52.18,53.29,0.0,False,0.084681,8,GREEN,0.009104,0.014032,0.005479,0.009593,0.00944,0.5006
fmcg,FMCG,#06b6d4,2023Q2,1.83,1.03,1.94,9.04,1.21,4.04,0.86,1.2,10.12,-5.57,3.78,19.12,1726.1,27222.37,6.22,5.33,7.35,3.41,2.19,74.85,101.99,6.12,51.37,52.72,0.0,False,0.008692,1,GREEN,0.001121,0.014789,0.004134,0.003136,0.008692,0.5006
fmcg,FMCG,#06b6d4,2023Q3,2.14,1.16,2.3,8.33,1.01,4.0,0.79,1.32,7.66,-6.74,3.95,20.09,2070.89,27582.9,6.61,4.68,7.37,3.72,2.26,74.39,98.51,8.6,50.88,52.4,0.0,False,0.011925,1,GREEN,0.00103,0.010911,0.002545,0.002157,0.011925,0.5006
fmcg,FMCG,#06b6d4,2023Q4,1.71,0.92,2.08,8.95,0.13,4.05,0.39,1.08,7.53,-10.11,3.91,18.84,2605.28,27879.53,6.67,4.67,7.18,4.33,2.54,73.6,96.95,12.29,50.5,51.17,0.0,False,0.009563,1,GREEN,0.008313,0.005626,0.003086,0.002195,0.009563,0.5006
fmcg,FMCG,#06b6d4,2024Q1,1.79,1.06,1.88,7.91,0.07,3.86,0.61,-0.3,3.29,-6.96,3.76,19.08,1575.12,27795.37,6.74,4.53,6.7,6.03,2.58,72.73,93.05,12.67,50.85,51.46,0.0,False,0.009013,1,GREEN,0.008409,0.005038,0.006468,0.005059,0.009013,0.5006
fmcg,FMCG,#06b6d4,2024Q2,1.92,1.1,2.1,7.54,-0.62,4.07,0.97,0.81,2.91,-8.18,3.78,19.1,1613.79,28021.28,6.74,4.5,6.69,6.54,2.68,72.18,94.18,12.48,51.48,51.64,0.0,False,0.010666,1,GREEN,0.003833,0.0236,0.005253,0.006375,0.010666,0.5006
fmcg,FMCG,#06b6d4,2024Q3,2.04,1.14,2.26,8.74,-1.3,3.99,0.88,1.7,3.28,-6.39,3.8,20.61,1785.09,28497.12,6.71,4.69,6.07,7.2,2.71,71.54,93.71,10.93,52.1,52.02,0.0,False,0.011529,1,GREEN,0.001464,0.004594,0.002769,0.001635,0.011529,0.5006
fmcg,FMCG,#06b6d4,2024Q4,1.97,1.13,2.06,8.88,-1.65,4.03,0.61,3.85,6.06,-6.85,3.85,17.83,2011.24,29594.71,6.52,5.22,5.8,6.89,2.74,69.97,94.48,10.66,52.98,52.44,0.0,False,0.009416,1,GREEN,8.8e-05,0.000579,0.003436,0.001455,0.009416,0.5006
fmcg,FMCG,#06b6d4,2025Q1,2.02,1.08,2.4,7.78,-2.37,3.94,0.74,0.97,7.33,-8.77,3.64,19.24,923.85,29880.55,6.28,5.07,5.61,6.9,2.78,69.0,96.6,7.89,53.66,52.81,,False,0.010942,1,GREEN,0.00114,0.007649,0.002945,0.001957,0.010942,0.5006
fmcg,FMCG,#06b6d4,2025Q2,2.26,1.21,2.47,7.78,-1.7,4.07,0.73,0.22,6.73,-8.14,3.73,19.41,1386.06,29945.45,6.01,5.69,5.43,5.08,2.66,68.58,99.31,6.57,54.1,53.84,,False,0.012044,1,GREEN,0.00036,0.003949,0.003044,0.003833,0.012044,0.5006
infrastructure,Infrastructure,#f97316,2018Q1,12.91,6.8,7.2,1.44,0.39,0.95,1.47,-2.51,-2.51,-15.22,0.45,31.95,-78.03,7799.31,5.27,5.59,6.03,6.18,2.3,72.39,105.72,7.12,52.24,53.57,1.0,False,0.98617,99,RED,0.900204,0.717736,0.953135,0.964499,0.98617,0.5006
infrastructure,Infrastructure,#f97316,2018Q2,13.55,7.44,7.61,-1.33,-0.0,1.01,1.78,-1.47,-3.98,-20.7,0.45,33.92,-290.56,7684.71,5.46,5.28,6.72,6.65,2.41,73.09,105.79,6.72,53.21,54.27,1.0,True,0.992895,99,RED,0.999722,0.917762,0.995028,0.997249,0.992895,0.5006
infrastructure,Infrastructure,#f97316,2018Q3,14.99,8.84,8.55,-2.44,-1.22,0.66,2.31,-3.73,-7.71,-19.87,0.45,36.32,-565.13,7397.77,5.87,5.31,7.18,6.9,2.41,73.63,105.38,8.45,53.55,54.45,1.0,True,0.99395,99,RED,0.999979,0.957204,0.992692,0.993309,0.99395,0.5006
infrastructure,Infrastructure,#f97316,2018Q4,15.86,9.25,9.06,-4.6,-2.41,0.73,2.58,-7.67,-15.38,-23.2,0.45,38.57,-1745.2,6830.64,6.09,5.17,7.51,6.9,2.44,74.47,106.0,6.48,53.92,54.88,1.0,True,0.996531,100,RED,0.999997,0.991091,0.996992,0.99871,0.996531,0.5006
infrastructure,Infrastructure,#f97316,2019Q1,16.48,8.79,9.12,-6.25,-3.49,0.65,2.52,-10.14,-23.01,-23.66,0.45,37.7,-1684.46,6137.86,5.99,5.25,7.65,5.53,2.34,74.64,103.86,5.93,54.48,54.49,1.0,True,0.996917,100,RED,0.999931,0.992543,0.997316,0.998958,0.996917,0.5006
infrastructure,Infrastructure,#f97316,2019Q2,16.83,9.44,9.48,-5.32,-3.22,0.49,2.82,-12.58,-34.12,-23.04,0.45,38.14,-1658.09,5365.96,6.08,5.08,7.63,4.67,2.2,74.9,102.77,4.52,53.41,53.75,1.0,True,0.996755,100,RED,0.998739,0.966979,0.994683,0.997371,0.996755,0.5006
infrastructure,Infrastructure,#f97316,2019Q3,16.1,8.99,9.1,-4.21,-3.7,0.63,2.37,-11.97,-42.35,-27.45,0.45,38.96,-873.1,4723.86,6.15,4.57,7.2,3.7,2.14,73.6,99.25,2.07,52.71,52.9,1.0,True,0.996962,100,RED,0.99816,0.923282,0.989998,0.996379,0.996962,0.5006
infrastructure,Infrastructure,#f97316,2019Q4,14.74,8.03,8.22,-2.1,-3.97,0.88,1.96,-7.83,-42.52,-23.85,0.45,36.2,-1153.31,4353.79,5.97,4.17,6.87,3.03,1.84,72.92,87.82,2.13,52.39,52.19,1.0,True,0.995683,100,RED,0.992033,0.88768,0.984922,0.989015,0.995683,0.5006
infrastructure,Infrastructure,#f97316,2020Q1,12.6,6.59,7.04,-0.49,-2.57,0.99,1.46,-6.24,-38.62,-15.42,0.45,32.66,-151.5,4082.05,5.79,3.97,5.38,0.09,1.73,68.88,86.02,-9.09,47.61,48.52,0.0,True,0.987585,99,RED,0.139546,0.097864,0.02537,0.019131,0.987585,0.5006
infrastructure,Infrastructure,#f97316,2020Q2,11.6,6.65,6.41,3.33,-2.3,1.24,1.23,-6.26,-32.3,-10.6,0.45,30.24,640.52,3826.57,5.46,4.13,4.75,-0.33,1.56,67.52,87.82,-7.87,46.35,48.02,0.0,False,0.965277,97,RED,0.00041,0.036502,0.015872,0.005651,0.965277,0.5006
infrastructure,Infrastructure,#f97316,2020Q3,11.11,5.84,6.34,2.21,-1.03,1.23,0.96,-1.58,-21.91,-13.59,0.67,31.56,-395.61,3766.2,5.32,4.16,4.13,0.57,1.46,66.63,87.85,-6.19,46.34,48.01,0.0,False,0.965908,97,RED,0.001884,0.015974,0.006371,0.004428,0.965908,0.5006
infrastructure,Infrastructure,#f97316,2020Q4,11.09,6.34,6.03,4.75,-0.77,1.16,0.98,-0.95,-15.03,-13.33,0.62,29.04,-519.91,3730.45,5.04,4.25,3.87,5.5,1.28,66.01,87.01,-4.0,46.7,47.79,0.0,False,0.967116,97,RED,0.01828,0.00616,0.006928,0.012712,0.967116,0.5006
infrastructure,Infrastructure,#f97316,2021Q1,10.5,5.96,5.77,3.98,0.71,1.31,0.96,-1.31,-10.09,-11.56,0.68,28.73,1044.17,3681.62,4.74,4.25,5.14,5.78,1.32,69.07,96.46,8.06,51.74,52.38,0.0,False,0.933454,93,RED,0.009227,0.074893,0.028481,0.021719,0.933454,0.5006
infrastructure,Infrastructure,#f97316,2021Q2,10.46,5.52,5.82,4.82,0.57,1.34,0.75,2.17,-1.67,-8.68,0.7,29.02,1254.99,3761.43,4.65,4.7,5.42,7.07,1.21,68.1,100.26,9.11,52.06,52.89,0.0,False,0.918714,92,RED,0.292093,0.125914,0.037741,0.035466,0.918714,0.5006
infrastructure,Infrastructure,#f97316,2021Q3,10.36,5.41,5.95,4.55,1.39,1.23,0.83,2.98,2.89,-8.02,0.73,28.74,992.06,3873.68,4.51,4.96,5.45,6.67,1.11,69.13,100.25,10.2,53.03,53.23,1.0,False,0.928464,93,RED,0.872394,0.684405,0.94024,0.956173,0.928464,0.5006
infrastructure,Infrastructure,#f97316,2021Q4,11.18,5.83,6.26,3.41,0.84,1.17,1.12,-0.86,2.99,-10.72,0.68,30.67,800.52,3840.5,4.4,5.23,5.82,6.82,1.16,69.31,102.55,9.36,53.9,53.92,1.0,False,0.960024,96,RED,0.994073,0.853531,0.982943,0.989401,0.960024,0.5006
infrastructure,Infrastructure,#f97316,2022Q1,12.92,7.56,7.49,0.65,0.47,1.1,1.59,-7.28,-2.99,-13.34,0.45,31.35,322.06,3560.82,4.59,5.51,5.92,5.81,1.64,70.98,105.51,8.61,54.23,54.44,1.0,True,0.981996,98,RED,0.998689,0.927152,0.993465,0.996768,0.981996,0.5006
infrastructure,Infrastructure,#f97316,2022Q2,14.13,8.32,8.05,-1.57,0.65,0.91,1.99,-8.86,-14.02,-18.1,0.45,34.59,-1096.48,3245.19,4.65,6.04,6.45,5.1,1.76,71.92,105.38,5.3,54.08,54.51,1.0,True,0.991335,99,RED,0.999183,0.939738,0.992777,0.9983,0.991335,0.5006
infrastructure,Infrastructure,#f97316,2022Q3,15.93,9.24,8.8,-4.0,-1.67,0.73,2.42,-8.42,-25.42,-24.21,0.45,36.18,-1392.19,2972.02,5.49,6.05,6.95,4.61,1.94,72.82,105.62,1.33,53.73,54.28,1.0,True,0.99622,100,RED,0.999895,0.985588,0.997283,0.998812,0.99622,0.5006
infrastructure,Infrastructure,#f97316,2022Q4,16.77,8.93,9.37,-5.9,-1.27,0.65,3.0,-12.18,-36.75,-28.29,0.45,38.7,-1687.0,2609.98,5.7,5.77,7.08,2.67,2.13,73.79,104.48,-0.07,52.82,53.9,1.0,True,0.997296,100,RED,0.999941,0.985016,0.996309,0.998034,0.997296,0.5006
infrastructure,Infrastructure,#f97316,2023Q1,17.24,9.01,9.63,-6.51,-1.4,0.63,3.02,-11.61,-41.07,-30.66,0.45,37.39,-2726.5,2306.98,5.98,5.55,7.49,3.3,2.13,74.2,103.21,-0.28,52.18,53.29,1.0,True,0.997552,100,RED,0.999968,0.985502,0.995257,0.997385,0.997552,0.5006
infrastructure,Infrastructure,#f97316,2023Q2,17.94,9.98,10.11,-8.48,-2.8,0.6,3.15,-11.18,-43.38,-29.23,0.45,36.93,-2550.35,2049.17,6.22,5.33,7.35,3.41,2.19,74.85,101.99,0.25,51.37,52.72,1.0,True,0.997985,100,RED,0.999961,0.982647,0.995263,0.997371,0.997985,0.5006
infrastructure,Infrastructure,#f97316,2023Q3,17.06,9.32,9.69,-8.97,-3.83,0.63,2.96,-10.89,-45.86,-27.48,0.45,39.46,-2222.04,1825.98,6.61,4.68,7.37,3.72,2.26,74.39,98.51,2.6,50.88,52.4,1.0,True,0.99814,100,RED,0.999555,0.981347,0.995138,0.996967,0.99814,0.5006
infrastructure,Infrastructure,#f97316,2023Q4,16.67,9.57,9.46,-6.32,-3.66,0.67,2.77,-7.42,-41.1,-24.46,0.45,35.69,-1335.6,1800.0,6.67,4.67,7.18,4.33,2.54,73.6,96.95,5.66,50.5,51.17,1.0,True,0.997639,100,RED,0.999657,0.952732,0.985708,0.995262,0.997639,0.5006
infrastructure,Infrastructure,#f97316,2024Q1,15.63,8.85,8.96,-5.54,-3.78,0.73,2.37,-9.02,-38.51,-23.93,0.45,37.33,-1316.58,1800.0,6.74,4.53,6.7,6.03,2.58,72.73,93.05,6.27,50.85,51.46,1.0,True,0.997248,100,RED,0.989715,0.961693,0.988387,0.993025,0.997248,0.5006
infrastructure,Infrastructure,#f97316,2024Q2,14.66,8.06,8.24,-2.7,-3.03,0.86,2.14,-6.31,-33.64,-22.07,0.45,34.89,-894.03,1800.0,6.74,4.5,6.69,6.54,2.68,72.18,94.18,8.68,51.48,51.64,1.0,True,0.995892,100,RED,0.924672,0.797948,0.962513,0.979762,0.995892,0.5006
infrastructure,Infrastructure,#f97316,2024Q3,13.33,7.32,7.62,-0.74,-1.64,0.9,1.77,-6.81,-29.56,-18.5,0.45,34.42,-428.72,1800.0,6.71,4.69,6.07,7.2,2.71,71.54,93.71,7.45,52.1,52.02,0.0,True,0.99292,99,RED,0.173858,0.09547,0.073065,0.074857,0.99292,0.5006
infrastructure,Infrastructure,#f97316,2024Q4,12.45,7.29,7.29,1.32,-1.93,1.0,1.32,-3.5,-25.64,-15.63,0.47,32.06,194.44,1800.0,6.52,5.22,5.8,6.89,2.74,69.97,94.48,6.89,52.98,52.44,0.0,False,0.988964,99,RED,0.091638,0.016051,0.02129,0.009482,0.988964,0.5006
infrastructure,Infrastructure,#f97316,2025Q1,11.65,6.79,6.59,2.59,-1.16,1.21,1.15,-4.67,-21.29,-14.94,0.64,32.06,449.68,1800.0,6.28,5.07,5.61,6.9,2.78,69.0,96.6,5.89,53.66,52.81,,False,0.981352,98,RED,0.075466,0.002956,0.009091,0.004964,0.981352,0.5006
infrastructure,Infrastructure,#f97316,2025Q2,12.31,7.2,6.71,2.19,-0.51,1.08,1.2,-5.26,-20.23,-11.91,0.55,31.83,409.97,1800.0,6.01,5.69,5.43,5.08,2.66,68.58,99.31,4.16,54.1,53.84,,False,0.980492,98,RED,0.080608,0.047913,0.012275,0.009574,0.980492,0.5006
it,IT & Technology,#22c55e,2018Q1,0.9,0.48,1.9,13.05,-0.19,5.16,0.94,-2.75,-2.75,-11.36,4.43,22.46,589.26,21394.48,5.27,5.59,6.03,6.18,2.3,72.39,105.72,9.79,52.24,53.57,0.0,False,0.025157,3,GREEN,0.000431,0.012979,0.004972,0.009038,0.008515,0.5006
it,IT & Technology,#22c55e,2018Q2,0.76,0.43,1.75,13.15,0.5,5.32,0.81,0.64,-2.12,-10.17,4.55,20.84,1738.38,21530.7,5.46,5.28,6.72,6.65,2.41,73.09,105.79,8.92,53.21,54.27,0.0,False,0.025157,3,GREEN,0.001553,0.027919,0.032657,0.053177,0.006875,0.5006
it,IT & Technology,#22c55e,2018Q3,0.67,0.39,1.75,11.2,1.27,5.16,1.04,0.11,-2.01,-9.07,4.44,19.61,989.28,21553.34,5.87,5.31,7.18,6.9,2.41,73.63,105.38,11.3,53.55,54.45,0.0,False,0.025157,3,GREEN,0.006558,0.042883,0.017542,0.020698,0.00758,0.5006
it,IT & Technology,#22c55e,2018Q4,0.94,0.53,1.61,12.96,1.03,5.17,0.61,0.71,-1.3,-9.09,4.43,19.61,2232.73,21706.81,6.09,5.17,7.51,6.9,2.44,74.47,106.0,10.74,53.92,54.88,0.0,False,0.025157,3,GREEN,0.00629,0.042961,0.021092,0.011637,0.006892,0.5006
it,IT & Technology,#22c55e,2019Q1,0.69,0.4,1.75,12.15,1.24,5.32,1.05,1.36,2.81,-9.68,4.35,19.52,1507.91,22001.05,5.99,5.25,7.65,5.53,2.34,74.64,103.86,10.11,54.48,54.49,0.0,False,0.044697,4,GREEN,0.286947,0.070659,0.063866,0.01963,0.007784,0.5006
it,IT & Technology,#22c55e,2019Q2,1.0,0.58,1.91,13.28,1.06,5.19,0.9,2.56,4.73,-7.92,4.35,19.32,1195.07,22563.86,6.08,5.08,7.63,4.67,2.2,74.9,102.77,10.1,53.41,53.75,0.0,False,0.025157,3,GREEN,0.017367,0.024156,0.041234,0.078301,0.008374,0.5006
it,IT & Technology,#22c55e,2019Q3,0.74,0.39,1.61,12.59,1.7,5.11,0.51,5.42,10.05,-9.94,4.39,19.42,1707.58,23787.81,6.15,4.57,7.2,3.7,2.14,73.6,99.25,6.89,52.71,52.9,1.0,False,0.302935,30,GREEN,0.444965,0.664566,0.903181,0.925687,0.006864,0.5006
it,IT & Technology,#22c55e,2019Q4,0.71,0.41,1.51,12.05,0.23,5.09,0.63,3.38,12.72,-8.45,4.4,19.83,1347.22,24591.86,5.97,4.17,6.87,3.03,1.84,72.92,87.82,6.88,52.39,52.19,1.0,False,0.402935,40,AMBER,0.669962,0.67551,0.936405,0.946851,0.006419,0.5006
it,IT & Technology,#22c55e,2020Q1,1.02,0.55,1.83,11.93,-0.19,5.28,0.77,-9.89,1.47,-20.18,4.51,19.73,1533.43,22159.07,5.79,3.97,5.38,0.09,1.73,68.88,86.02,-5.97,47.61,48.52,1.0,True,0.402935,40,AMBER,0.784138,0.6455,0.95106,0.964973,0.020268,0.5006
it,IT & Technology,#22c55e,2020Q2,0.59,0.32,1.51,11.52,-0.71,4.97,0.79,-11.54,-12.62,-23.49,4.28,22.7,993.96,19602.67,5.46,4.13,4.75,-0.33,1.56,67.52,87.82,-5.77,46.35,48.02,1.0,True,0.627778,63,AMBER,0.979077,0.706643,0.958472,0.974101,0.022658,0.5006
it,IT & Technology,#22c55e,2020Q3,0.85,0.48,1.72,12.25,-2.11,5.19,1.08,-10.47,-28.52,-23.23,4.35,17.52,743.58,17550.43,5.32,4.16,4.13,0.57,1.46,66.63,87.85,-4.45,46.34,48.01,0.0,True,0.029949,3,GREEN,0.054566,0.120674,0.068281,0.045457,0.025656,0.5006
it,IT & Technology,#22c55e,2020Q4,0.74,0.39,1.64,11.26,-2.0,5.15,0.71,-0.84,-32.74,-6.09,4.33,20.14,1568.74,17402.29,5.04,4.25,3.87,5.5,1.28,66.01,87.01,-2.72,46.7,47.79,0.0,False,0.025157,3,GREEN,0.005021,0.0249,0.008332,0.009247,0.006295,0.5006
it,IT & Technology,#22c55e,2021Q1,0.76,0.43,1.58,11.55,-2.15,5.31,0.48,-1.85,-24.7,-9.65,4.58,19.1,1172.53,17079.53,4.74,4.25,5.14,5.78,1.32,69.07,96.46,10.3,51.74,52.38,0.0,False,0.025157,3,GREEN,0.000654,0.015231,0.009447,0.009149,0.005882,0.5006
it,IT & Technology,#22c55e,2021Q2,0.53,0.31,1.78,13.24,-2.29,5.23,0.46,-1.23,-14.4,-5.03,4.56,20.59,1201.21,16868.8,4.65,4.7,5.42,7.07,1.21,68.1,100.26,10.94,52.06,52.89,0.0,False,0.025157,3,GREEN,0.001232,0.020352,0.003687,0.001957,0.006475,0.5006
it,IT & Technology,#22c55e,2021Q3,0.87,0.45,1.62,11.2,-1.72,5.26,0.48,2.79,-1.14,-6.68,4.5,20.69,996.4,17340.21,4.51,4.96,5.45,6.67,1.11,69.13,100.25,11.14,53.03,53.23,0.0,False,0.025157,3,GREEN,0.011474,0.009666,0.014284,0.009315,0.006,0.5006
it,IT & Technology,#22c55e,2021Q4,0.65,0.36,1.53,11.87,-1.96,5.32,0.77,3.82,3.53,-6.11,4.47,19.55,1257.33,18003.11,4.4,5.23,5.82,6.82,1.16,69.31,102.55,11.01,53.9,53.92,0.0,False,0.018519,2,GREEN,0.059316,0.045389,0.0173,0.016414,0.00602,0.5006
it,IT & Technology,#22c55e,2022Q1,1.25,0.66,1.84,12.55,-1.13,5.3,0.68,3.44,8.83,-6.48,4.42,20.31,1220.02,18622.95,4.59,5.51,5.92,5.81,1.64,70.98,105.51,11.02,54.23,54.44,0.0,False,0.025157,3,GREEN,0.002572,0.02178,0.009333,0.010448,0.006918,0.5006
it,IT & Technology,#22c55e,2022Q2,0.67,0.39,1.84,12.34,-0.4,5.16,0.9,3.77,13.83,-7.98,4.36,20.95,1088.63,19324.29,4.65,6.04,6.45,5.1,1.76,71.92,105.38,8.61,54.08,54.51,0.0,False,0.027778,3,GREEN,0.020203,0.048002,0.012385,0.015387,0.007175,0.5006
it,IT & Technology,#22c55e,2022Q3,0.95,0.52,1.66,12.03,0.54,5.36,0.54,2.81,13.85,-11.01,4.33,19.83,1340.94,19867.97,5.49,6.05,6.95,4.61,1.94,72.82,105.62,5.06,53.73,54.28,0.0,False,0.025157,3,GREEN,0.196763,0.055706,0.038406,0.042656,0.006834,0.5006
it,IT & Technology,#22c55e,2022Q4,0.77,0.41,1.51,13.18,1.28,5.29,0.56,2.09,12.12,-7.2,4.31,20.14,1563.23,20283.75,5.7,5.77,7.08,2.67,2.13,73.79,104.48,5.74,52.82,53.9,0.0,False,0.025157,3,GREEN,0.024228,0.07756,0.036076,0.019746,0.006,0.5006
it,IT & Technology,#22c55e,2023Q1,1.11,0.63,2.13,12.03,1.67,5.3,0.63,1.62,10.29,-8.52,4.44,20.44,2199.96,20611.65,5.98,5.55,7.49,3.3,2.13,74.2,103.21,4.16,52.18,53.29,0.0,False,0.025157,3,GREEN,0.054255,0.040774,0.024331,0.010466,0.008749,0.5006
it,IT & Technology,#22c55e,2023Q2,0.74,0.43,1.75,12.85,1.16,5.11,0.69,-0.67,5.86,-7.25,4.47,20.0,2209.86,20474.05,6.22,5.33,7.35,3.41,2.19,74.85,101.99,6.41,51.37,52.72,0.0,False,0.025157,3,GREEN,0.014649,0.034436,0.018194,0.007057,0.007691,0.5006
it,IT & Technology,#22c55e,2023Q3,0.8,0.45,1.87,12.09,1.3,5.14,0.6,-1.62,1.42,-6.86,4.35,23.67,1173.24,20141.71,6.61,4.68,7.37,3.72,2.26,74.39,98.51,7.46,50.88,52.4,0.0,False,0.025157,3,GREEN,0.024728,0.027736,0.01176,0.005128,0.008717,0.5006
it,IT & Technology,#22c55e,2023Q4,0.87,0.49,1.75,12.31,0.18,5.1,0.63,-2.11,-2.78,-8.24,4.21,18.64,1243.51,19717.61,6.67,4.67,7.18,4.33,2.54,73.6,96.95,10.0,50.5,51.17,0.0,False,0.025157,3,GREEN,0.004585,0.017052,0.010143,0.00902,0.008357,0.5006
it,IT & Technology,#22c55e,2024Q1,0.83,0.45,1.8,12.27,0.7,5.13,0.75,2.18,-2.21,-7.83,4.37,19.62,1042.75,20147.99,6.74,4.53,6.7,6.03,2.58,72.73,93.05,10.89,50.85,51.46,0.0,False,0.025157,3,GREEN,0.030842,0.00751,0.014472,0.012472,0.008866,0.5006
it,IT & Technology,#22c55e,2024Q2,0.69,0.37,1.49,11.53,-0.47,5.05,0.7,3.41,1.87,-8.53,4.53,18.76,1027.24,20835.78,6.74,4.5,6.69,6.54,2.68,72.18,94.18,12.08,51.48,51.64,0.0,False,0.025157,3,GREEN,0.029964,0.046562,0.024164,0.024241,0.007577,0.5006
it,IT & Technology,#22c55e,2024Q3,0.62,0.35,1.55,12.48,-0.9,5.03,0.67,2.86,6.35,-3.71,4.45,16.84,1539.07,21432.4,6.71,4.69,6.07,7.2,2.71,71.54,93.71,11.12,52.1,52.02,0.0,False,0.025157,3,GREEN,0.012138,0.011397,0.012563,0.009593,0.007681,0.5006
it,IT & Technology,#22c55e,2024Q4,1.0,0.52,1.58,12.39,-1.73,5.15,0.45,2.72,11.18,-8.25,4.53,20.48,1450.8,22014.67,6.52,5.22,5.8,6.89,2.74,69.97,94.48,9.45,52.98,52.44,0.0,False,0.025157,3,GREEN,0.013281,0.00536,0.009608,0.010498,0.007228,0.5006
it,IT & Technology,#22c55e,2025Q1,0.67,0.36,1.68,12.67,-1.52,5.08,0.29,0.57,9.56,-4.86,4.42,18.68,1974.43,22140.27,6.28,5.07,5.61,6.9,2.78,69.0,96.6,8.33,53.66,52.81,,False,0.025157,3,GREEN,0.023296,0.038575,0.007906,0.006637,0.007039,0.5006
it,IT & Technology,#22c55e,2025Q2,0.76,0.41,1.64,12.1,-1.58,5.18,0.78,3.26,9.41,-9.93,4.48,19.56,77.28,22861.42,6.01,5.69,5.43,5.08,2.66,68.58,99.31,5.07,54.1,53.84,,False,0.025157,3,GREEN,0.002278,0.02682,0.006095,0.005392,0.007077,0.5006
metals,Metals & Mining,#94a3b8,2018Q1,6.39,3.46,4.3,6.76,1.6,2.12,1.2,0.59,0.59,-13.56,1.11,33.2,1074.83,11064.93,5.27,5.59,6.03,6.18,2.3,72.39,105.72,8.42,52.24,53.57,0.0,False,0.327613,33,GREEN,0.034347,0.029379,0.002716,0.00286,0.327613,0.5006
metals,Metals & Mining,#94a3b8,2018Q2,6.69,3.48,4.47,7.43,1.14,2.25,1.08,1.63,2.22,-12.49,1.15,33.81,1900.63,11244.99,5.46,5.28,6.72,6.65,2.41,73.09,105.79,9.16,53.21,54.27,0.0,False,0.322786,32,GREEN,0.366483,0.098598,0.049564,0.050379,0.322786,0.5006
metals,Metals & Mining,#94a3b8,2018Q3,6.42,3.63,4.21,7.1,0.95,2.35,1.16,1.62,3.84,-7.95,1.25,36.07,1209.65,11427.72,5.87,5.31,7.18,6.9,2.41,73.63,105.38,12.41,53.55,54.45,0.0,False,0.220186,22,GREEN,0.674023,0.181579,0.021122,0.013132,0.220186,0.5006
metals,Metals & Mining,#94a3b8,2018Q4,6.02,3.3,3.85,9.49,1.06,2.31,1.1,1.58,5.42,-6.84,1.08,33.71,1146.56,11608.28,6.09,5.17,7.51,6.9,2.44,74.47,106.0,9.9,53.92,54.88,0.0,False,0.172395,17,GREEN,0.224653,0.142499,0.058181,0.060188,0.172395,0.5006
metals,Metals & Mining,#94a3b8,2019Q1,6.01,3.24,4.0,10.3,0.24,2.37,0.81,2.06,6.89,-9.76,1.22,34.63,1825.16,11846.87,5.99,5.25,7.65,5.53,2.34,74.64,103.86,9.23,54.48,54.49,0.0,False,0.164116,16,GREEN,0.75591,0.199151,0.115094,0.110835,0.164116,0.5006
metals,Metals & Mining,#94a3b8,2019Q2,5.5,3.04,3.72,8.42,-0.29,2.41,0.83,-1.5,3.76,-10.21,1.32,33.03,1973.88,11669.44,6.08,5.08,7.63,4.67,2.2,74.9,102.77,8.9,53.41,53.75,0.0,False,0.13237,13,GREEN,0.479418,0.112835,0.052394,0.052862,0.117136,0.5006
metals,Metals & Mining,#94a3b8,2019Q3,5.87,3.13,3.91,8.61,-0.96,2.31,0.78,1.66,3.8,-8.87,1.21,32.74,1597.42,11863.25,6.15,4.57,7.2,3.7,2.14,73.6,99.25,7.1,52.71,52.9,0.0,False,0.16049,16,GREEN,0.418799,0.121538,0.071408,0.075691,0.16049,0.5006
metals,Metals & Mining,#94a3b8,2019Q4,5.96,3.24,4.01,9.32,-1.2,2.29,0.71,-0.03,2.18,-9.77,1.17,32.95,1174.49,11859.15,5.97,4.17,6.87,3.03,1.84,72.92,87.82,5.94,52.39,52.19,1.0,False,0.402935,40,AMBER,0.659544,0.549113,0.88895,0.91252,0.16956,0.5006
metals,Metals & Mining,#94a3b8,2020Q1,7.13,4.07,4.78,6.75,-2.46,2.08,1.49,-3.55,-3.42,-13.93,1.15,35.34,132.79,11437.78,5.79,3.97,5.38,0.09,1.73,68.88,86.02,-6.91,47.61,48.52,0.0,False,0.519178,52,AMBER,0.110111,0.0408,0.011919,0.018073,0.519178,0.5006
metals,Metals & Mining,#94a3b8,2020Q2,7.67,4.37,5.36,2.65,-3.1,1.81,1.76,-4.21,-6.14,-19.23,0.72,38.47,-1297.35,10955.72,5.46,4.13,4.75,-0.33,1.56,67.52,87.82,-7.98,46.35,48.02,0.0,False,0.805547,81,RED,0.154579,0.058233,0.027765,0.049501,0.805547,0.5006
metals,Metals & Mining,#94a3b8,2020Q3,8.04,4.74,5.26,3.28,-2.76,2.04,1.84,-3.68,-11.48,-19.85,0.95,36.86,-530.16,10552.38,5.32,4.16,4.13,0.57,1.46,66.63,87.85,-6.49,46.34,48.01,0.0,False,0.802448,80,RED,0.028679,0.056168,0.002835,0.001374,0.802448,0.5006
metals,Metals & Mining,#94a3b8,2020Q4,7.26,4.27,4.63,5.19,-2.15,2.21,1.36,-1.49,-12.94,-13.0,1.04,34.31,-487.81,10395.46,5.04,4.25,3.87,5.5,1.28,66.01,87.01,-2.95,46.7,47.79,0.0,False,0.440697,44,AMBER,0.006392,0.015013,0.002895,0.001827,0.440697,0.5006
metals,Metals & Mining,#94a3b8,2021Q1,6.27,3.58,4.18,7.74,-1.35,2.23,0.9,-0.3,-9.69,-12.84,1.25,34.12,974.34,10363.8,4.74,4.25,5.14,5.78,1.32,69.07,96.46,10.26,51.74,52.38,0.0,False,0.255213,26,GREEN,0.005918,0.001384,0.002339,0.002189,0.255213,0.5006
metals,Metals & Mining,#94a3b8,2021Q2,5.86,3.43,3.85,8.45,-1.17,2.36,0.88,-0.04,-5.52,-8.96,1.22,32.73,516.28,10359.19,4.65,4.7,5.42,7.07,1.21,68.1,100.26,11.23,52.06,52.89,0.0,False,0.134897,13,GREEN,0.006649,0.004118,0.00612,0.002245,0.134897,0.5006
metals,Metals & Mining,#94a3b8,2021Q3,6.13,3.52,4.23,7.82,0.76,2.3,0.88,-1.04,-2.87,-8.56,1.32,33.48,1644.0,10251.88,4.51,4.96,5.45,6.67,1.11,69.13,100.25,11.66,53.03,53.23,0.0,False,0.186436,19,GREEN,0.057079,0.075635,0.020682,0.004386,0.186436,0.5006
metals,Metals & Mining,#94a3b8,2021Q4,5.94,3.37,3.96,8.07,0.14,2.28,1.15,-1.35,-2.73,-11.83,1.2,33.47,1279.93,10113.7,4.4,5.23,5.82,6.82,1.16,69.31,102.55,11.22,53.9,53.92,1.0,False,0.435749,44,AMBER,0.641727,0.710843,0.946504,0.948947,0.189182,0.5006
metals,Metals & Mining,#94a3b8,2022Q1,6.63,3.6,4.4,6.27,0.41,2.16,1.0,-1.69,-4.11,-10.53,1.2,34.93,866.19,9943.12,4.59,5.51,5.92,5.81,1.64,70.98,105.51,9.47,54.23,54.44,1.0,False,0.544444,54,AMBER,0.754348,0.74531,0.946679,0.966015,0.283872,0.5006
metals,Metals & Mining,#94a3b8,2022Q2,8.1,4.36,5.45,4.07,0.03,1.89,1.8,-6.26,-10.33,-16.93,0.71,36.91,-875.11,9320.97,4.65,6.04,6.45,5.1,1.76,71.92,105.38,6.56,54.08,54.51,1.0,False,0.79867,80,RED,0.910328,0.832359,0.965581,0.978824,0.79867,0.5006
metals,Metals & Mining,#94a3b8,2022Q3,8.56,4.59,5.72,1.97,-0.31,1.86,2.49,-10.67,-19.96,-22.7,0.7,39.66,-1482.67,8326.21,5.49,6.05,6.95,4.61,1.94,72.82,105.62,3.05,53.73,54.28,1.0,True,0.921651,92,RED,0.959444,0.823361,0.977181,0.986339,0.921651,0.5006
metals,Metals & Mining,#94a3b8,2022Q4,8.42,4.57,5.74,2.38,0.26,1.95,2.34,-7.62,-26.24,-21.09,0.68,40.37,-1375.16,7691.56,5.7,5.77,7.08,2.67,2.13,73.79,104.48,2.68,52.82,53.9,0.0,True,0.897584,90,RED,0.524537,0.278525,0.080374,0.072891,0.897584,0.5006
metals,Metals & Mining,#94a3b8,2023Q1,7.3,4.17,5.0,6.92,0.63,2.26,1.56,-3.93,-28.48,-19.44,0.98,35.91,-68.32,7389.54,5.98,5.55,7.49,3.3,2.13,74.2,103.21,2.66,52.18,53.29,0.0,False,0.666856,67,RED,0.203525,0.106776,0.006753,0.021265,0.666856,0.5006
metals,Metals & Mining,#94a3b8,2023Q2,6.39,3.35,4.15,8.4,-0.23,2.36,0.98,2.67,-19.55,-9.62,1.23,35.52,625.88,7586.86,6.22,5.33,7.35,3.41,2.19,74.85,101.99,5.76,51.37,52.72,0.0,False,0.218118,22,GREEN,0.036027,0.04921,0.020647,0.023102,0.218118,0.5006
metals,Metals & Mining,#94a3b8,2023Q3,5.77,3.13,3.87,8.25,-0.23,2.26,0.69,4.27,-4.61,-9.37,1.34,33.55,797.09,7910.96,6.61,4.68,7.37,3.72,2.26,74.39,98.51,8.32,50.88,52.4,0.0,False,0.168857,17,GREEN,0.024932,0.017547,0.007767,0.010931,0.168857,0.5006
metals,Metals & Mining,#94a3b8,2023Q4,5.49,2.87,3.55,9.73,-1.15,2.35,0.67,1.97,4.99,-7.16,1.46,32.18,1818.83,8066.91,6.67,4.67,7.18,4.33,2.54,73.6,96.95,9.23,50.5,51.17,0.0,False,0.121897,12,GREEN,0.009142,0.000936,0.019045,0.009676,0.121897,0.5006
metals,Metals & Mining,#94a3b8,2024Q1,5.59,3.17,3.57,9.07,-1.56,2.33,0.63,-0.56,8.35,-9.72,1.4,30.31,1137.84,8021.48,6.74,4.53,6.7,6.03,2.58,72.73,93.05,10.56,50.85,51.46,0.0,False,0.131625,13,GREEN,0.040103,0.001105,0.009422,0.005606,0.131625,0.5006
metals,Metals & Mining,#94a3b8,2024Q2,5.8,3.29,3.66,9.47,-2.1,2.45,0.45,2.95,8.63,-7.89,1.27,32.32,1676.21,8258.25,6.74,4.5,6.69,6.54,2.68,72.18,94.18,11.27,51.48,51.64,0.0,False,0.131625,13,GREEN,0.014763,0.003182,0.002636,0.002448,0.131625,0.5006
metals,Metals & Mining,#94a3b8,2024Q3,5.75,3.0,3.83,8.35,-2.16,2.28,0.72,0.58,4.93,-4.22,1.39,34.12,2516.13,8305.74,6.71,4.69,6.07,7.2,2.71,71.54,93.71,10.23,52.1,52.02,0.0,False,0.165492,17,GREEN,0.003171,0.013939,0.003969,0.002612,0.165492,0.5006
metals,Metals & Mining,#94a3b8,2024Q4,6.23,3.33,3.97,6.73,-2.5,2.29,0.93,-1.89,1.07,-8.13,1.28,33.85,441.45,8148.61,6.52,5.22,5.8,6.89,2.74,69.97,94.48,10.05,52.98,52.44,0.0,False,0.210403,21,GREEN,0.003248,0.018987,0.003544,0.002,0.210403,0.5006
metals,Metals & Mining,#94a3b8,2025Q1,6.41,3.38,4.17,6.91,-1.86,2.29,1.07,-1.47,0.17,-10.67,1.12,34.08,567.13,8029.15,6.28,5.07,5.61,6.9,2.78,69.0,96.6,6.92,53.66,52.81,,False,0.251211,25,GREEN,0.004147,0.019267,0.004755,0.002117,0.251211,0.5006
metals,Metals & Mining,#94a3b8,2025Q2,6.02,3.41,4.08,6.56,-1.81,2.26,0.95,-4.11,-6.89,-12.15,1.21,36.63,785.42,7699.46,6.01,5.69,5.43,5.08,2.66,68.58,99.31,4.7,54.1,53.84,,False,0.226109,23,GREEN,0.002752,0.044262,0.004624,0.00322,0.226109,0.5006
nbfc,NBFC,#f59e0b,2018Q1,9.22,5.01,5.63,8.16,0.48,1.51,1.03,0.49,0.49,-12.35,1.3,32.67,701.88,12058.96,5.27,5.59,6.03,6.18,2.3,72.39,105.72,9.0,52.24,53.57,0.0,False,0.860766,86,RED,0.111265,0.154376,0.011866,0.019707,0.860766,0.5006
nbfc,NBFC,#f59e0b,2018Q2,9.14,5.1,5.15,8.65,0.12,1.64,1.12,2.11,2.6,-9.49,1.35,31.18,1042.86,12312.99,5.46,5.28,6.72,6.65,2.41,73.09,105.79,8.84,53.21,54.27,1.0,False,0.767039,77,RED,0.554682,0.668058,0.918649,0.938765,0.767039,0.5006
nbfc,NBFC,#f59e0b,2018Q3,9.79,5.51,5.75,8.2,0.49,1.47,1.5,-0.55,2.04,-13.67,1.17,31.89,283.5,12244.83,5.87,5.31,7.18,6.9,2.41,73.63,105.38,10.74,53.55,54.45,1.0,False,0.923726,92,RED,0.811724,0.819401,0.960046,0.970466,0.923726,0.5006
nbfc,NBFC,#f59e0b,2018Q4,10.77,6.34,6.32,5.36,-0.64,1.57,1.66,-2.93,-0.88,-17.38,1.08,34.97,9.58,11886.41,6.09,5.17,7.51,6.9,2.44,74.47,106.0,9.23,53.92,54.88,1.0,False,0.969308,97,RED,0.972107,0.785913,0.964512,0.972569,0.969308,0.5006
nbfc,NBFC,#f59e0b,2019Q1,12.36,7.13,7.5,3.07,-1.71,1.13,2.32,-6.38,-7.75,-21.62,0.84,35.4,-980.18,11128.29,5.99,5.25,7.65,5.53,2.34,74.64,103.86,6.8,54.48,54.49,1.0,True,0.993444,99,RED,0.965525,0.830523,0.971278,0.973871,0.993444,0.5006
nbfc,NBFC,#f59e0b,2019Q2,12.66,6.72,7.81,3.84,-2.77,1.21,2.58,-10.73,-20.58,-23.19,0.74,38.12,-1574.06,9934.74,6.08,5.08,7.63,4.67,2.2,74.9,102.77,5.56,53.41,53.75,1.0,True,0.99429,99,RED,0.976424,0.809261,0.979789,0.983238,0.99429,0.5006
nbfc,NBFC,#f59e0b,2019Q3,12.74,6.78,7.69,1.03,-3.17,1.1,2.66,-11.97,-32.0,-22.47,0.83,38.93,-1283.04,8745.55,6.15,4.57,7.2,3.7,2.14,73.6,99.25,4.58,52.71,52.9,0.0,True,0.994652,99,RED,0.879721,0.379587,0.17648,0.127959,0.994652,0.5006
nbfc,NBFC,#f59e0b,2019Q4,12.37,6.8,7.47,3.34,-3.68,1.22,2.15,-9.69,-38.77,-19.84,0.91,38.73,-1327.61,7897.8,5.97,4.17,6.87,3.03,1.84,72.92,87.82,3.02,52.39,52.19,0.0,False,0.991166,99,RED,0.271525,0.293254,0.039008,0.038563,0.991166,0.5006
nbfc,NBFC,#f59e0b,2020Q1,10.98,5.82,6.59,5.49,-3.22,1.32,1.75,-5.24,-37.63,-19.18,0.96,34.75,-975.77,7483.71,5.79,3.97,5.38,0.09,1.73,68.88,86.02,-7.85,47.61,48.52,0.0,False,0.980924,98,RED,0.142,0.14014,0.008711,0.00526,0.980924,0.5006
nbfc,NBFC,#f59e0b,2020Q2,9.99,5.31,5.86,5.8,-2.9,1.46,1.27,-0.12,-27.02,-14.66,1.34,32.86,-98.79,7474.89,5.46,4.13,4.75,-0.33,1.56,67.52,87.82,-6.79,46.35,48.02,0.0,False,0.933558,93,RED,0.008258,0.012733,0.005979,0.002005,0.933558,0.5006
nbfc,NBFC,#f59e0b,2020Q3,8.79,4.86,4.92,7.51,-2.19,1.61,1.1,1.21,-13.84,-12.28,1.46,32.55,552.86,7565.46,5.32,4.16,4.13,0.57,1.46,66.63,87.85,-4.05,46.34,48.01,0.0,False,0.760666,76,RED,0.00101,0.000402,0.003927,0.00157,0.760666,0.5006
nbfc,NBFC,#f59e0b,2020Q4,8.55,4.84,5.12,9.41,-1.4,1.77,0.61,-0.8,-4.95,-12.0,1.4,30.53,32.19,7504.78,5.04,4.25,3.87,5.5,1.28,66.01,87.01,-2.72,46.7,47.79,0.0,False,0.704052,70,RED,0.006041,0.003791,0.004764,0.002658,0.704052,0.5006
nbfc,NBFC,#f59e0b,2021Q1,7.73,4.47,4.78,10.27,-0.71,1.65,0.44,1.94,2.23,-10.06,1.52,27.88,803.35,7650.53,4.74,4.25,5.14,5.78,1.32,69.07,96.46,10.52,51.74,52.38,0.0,False,0.545953,55,AMBER,0.001154,0.013563,0.015307,0.007774,0.545953,0.5006
nbfc,NBFC,#f59e0b,2021Q2,8.17,4.55,4.64,10.79,-0.27,1.78,0.75,-1.11,1.24,-8.9,1.52,30.9,1009.24,7565.48,4.65,4.7,5.42,7.07,1.21,68.1,100.26,11.45,52.06,52.89,0.0,False,0.562177,56,AMBER,0.012781,0.009217,0.010949,0.00995,0.562177,0.5006
nbfc,NBFC,#f59e0b,2021Q3,8.52,4.99,5.08,11.08,1.24,1.59,0.73,1.37,1.4,-10.99,1.35,29.96,1102.71,7669.04,4.51,4.96,5.45,6.67,1.11,69.13,100.25,11.52,53.03,53.23,0.0,False,0.717211,72,RED,0.205954,0.074009,0.032043,0.037,0.717211,0.5006
nbfc,NBFC,#f59e0b,2021Q4,8.41,4.56,4.9,9.02,1.76,1.7,1.02,-2.32,-0.12,-10.15,1.37,27.68,336.97,7490.8,4.4,5.23,5.82,6.82,1.16,69.31,102.55,9.89,53.9,53.92,0.0,False,0.654753,65,RED,0.585633,0.306887,0.061774,0.076338,0.654753,0.5006
nbfc,NBFC,#f59e0b,2022Q1,8.52,4.5,5.27,8.88,1.56,1.66,1.15,-3.91,-5.98,-10.07,1.42,30.82,926.25,7198.05,4.59,5.51,5.92,5.81,1.64,70.98,105.51,10.79,54.23,54.44,0.0,False,0.717819,72,RED,0.180927,0.308986,0.0667,0.076787,0.717819,0.5006
nbfc,NBFC,#f59e0b,2022Q2,8.61,5.06,4.96,9.52,1.31,1.61,0.99,-0.63,-5.49,-9.24,1.52,32.71,573.66,7153.0,4.65,6.04,6.45,5.1,1.76,71.92,105.38,9.2,54.08,54.51,1.0,False,0.698465,70,RED,0.81142,0.73164,0.934482,0.961568,0.698465,0.5006
nbfc,NBFC,#f59e0b,2022Q3,9.23,5.08,5.5,8.27,0.17,1.6,1.02,-0.23,-7.09,-9.59,1.24,32.52,455.3,7136.36,5.49,6.05,6.95,4.61,1.94,72.82,105.62,4.23,53.73,54.28,1.0,False,0.807679,81,RED,0.802668,0.801252,0.963985,0.979757,0.807679,0.5006
nbfc,NBFC,#f59e0b,2022Q4,11.13,6.08,6.83,5.26,0.23,1.38,1.93,-4.83,-9.59,-17.81,1.03,33.86,-1.25,6791.93,5.7,5.77,7.08,2.67,2.13,73.79,104.48,3.18,52.82,53.9,0.0,True,0.978738,98,RED,0.105041,0.313873,0.099389,0.134281,0.978738,0.5006
nbfc,NBFC,#f59e0b,2023Q1,11.31,5.92,6.93,4.77,-0.66,1.28,1.94,-4.55,-10.24,-15.73,1.02,35.06,134.06,6482.64,5.98,5.55,7.49,3.3,2.13,74.2,103.21,0.89,52.18,53.29,0.0,False,0.979594,98,RED,0.836347,0.329859,0.147193,0.131591,0.979594,0.5006
nbfc,NBFC,#f59e0b,2023Q2,9.85,5.45,5.95,6.76,-1.61,1.45,1.8,-0.01,-9.62,-16.25,1.12,33.22,-690.81,6481.96,6.22,5.33,7.35,3.41,2.19,74.85,101.99,4.39,51.37,52.72,0.0,False,0.953691,95,RED,0.525063,0.248086,0.029867,0.036389,0.953691,0.5006
nbfc,NBFC,#f59e0b,2023Q3,9.34,5.49,5.43,7.45,-1.81,1.58,0.92,1.87,-7.52,-11.01,1.3,29.0,420.0,6603.15,6.61,4.68,7.37,3.72,2.26,74.39,98.51,7.88,50.88,52.4,0.0,False,0.856999,86,RED,0.089168,0.168243,0.010211,0.010457,0.856999,0.5006
nbfc,NBFC,#f59e0b,2023Q4,8.24,4.53,4.82,9.44,-2.12,1.66,1.06,3.74,1.04,-11.71,1.42,29.45,1565.71,6849.97,6.67,4.67,7.18,4.33,2.54,73.6,96.95,9.62,50.5,51.17,0.0,False,0.723405,72,RED,0.035176,0.017019,0.003393,0.002123,0.723405,0.5006
nbfc,NBFC,#f59e0b,2024Q1,8.23,4.5,4.69,9.6,-1.79,1.69,0.65,0.59,6.19,-7.79,1.3,29.27,1539.87,6890.43,6.74,4.53,6.7,6.03,2.58,72.73,93.05,10.59,50.85,51.46,0.0,False,0.654,65,RED,0.012889,0.005348,0.017677,0.010848,0.654,0.5006
nbfc,NBFC,#f59e0b,2024Q2,8.36,4.92,4.97,9.96,-1.31,1.65,0.73,0.5,6.7,-8.17,1.42,29.24,2169.83,6925.21,6.74,4.5,6.69,6.54,2.68,72.18,94.18,11.3,51.48,51.64,0.0,False,0.709921,71,RED,0.00554,0.020998,0.005231,0.003105,0.709921,0.5006
nbfc,NBFC,#f59e0b,2024Q3,8.37,4.53,4.95,8.8,-2.02,1.51,0.94,1.15,5.98,-8.79,1.4,30.21,699.31,7004.56,6.71,4.69,6.07,7.2,2.71,71.54,93.71,9.48,52.1,52.02,0.0,False,0.742452,74,RED,0.010836,0.021124,0.004573,0.003099,0.742452,0.5006
nbfc,NBFC,#f59e0b,2024Q4,8.62,4.52,4.9,9.23,-2.08,1.62,0.84,-0.27,1.97,-8.02,1.48,29.31,1036.59,6985.51,6.52,5.22,5.8,6.89,2.74,69.97,94.48,9.65,52.98,52.44,0.0,False,0.729581,73,RED,0.006676,0.015969,0.00677,0.004673,0.729581,0.5006
nbfc,NBFC,#f59e0b,2025Q1,8.47,4.48,5.1,9.01,-1.4,1.62,1.18,-0.14,1.24,-15.81,1.36,31.07,-125.91,6975.92,6.28,5.07,5.61,6.9,2.78,69.0,96.6,7.04,53.66,52.81,,False,0.832739,83,RED,0.025621,0.042102,0.006323,0.007713,0.832739,0.5006
nbfc,NBFC,#f59e0b,2025Q2,9.3,4.89,5.51,7.64,-1.16,1.68,1.06,-1.06,-0.32,-14.91,1.49,32.49,313.61,6902.14,6.01,5.69,5.43,5.08,2.66,68.58,99.31,5.65,54.1,53.84,,False,0.880683,88,RED,0.088529,0.110642,0.007878,0.004927,0.880683,0.5006
pharma,Pharma & Healthcare,#ec4899,2018Q1,2.66,1.39,2.82,9.11,0.07,3.37,0.95,-2.99,-2.99,-9.71,2.99,22.98,60.49,14066.95,5.27,5.59,6.03,6.18,2.3,72.39,105.72,10.6,52.24,53.57,0.0,False,0.025157,3,GREEN,0.000896,0.013591,0.004972,0.008704,0.016276,0.5006
pharma,Pharma & Healthcare,#ec4899,2018Q2,2.48,1.41,2.46,9.67,0.79,3.61,0.88,-1.04,-4.03,-10.18,2.73,23.31,464.64,13920.22,5.46,5.28,6.72,6.65,2.41,73.09,105.79,10.37,53.21,54.27,0.0,False,0.025157,3,GREEN,0.002901,0.016625,0.02268,0.020364,0.012551,0.5006
pharma,Pharma & Healthcare,#ec4899,2018Q3,2.73,1.47,2.66,10.15,1.6,3.64,0.94,0.68,-3.35,-8.15,2.8,21.14,1556.95,14014.74,5.87,5.31,7.18,6.9,2.41,73.63,105.38,12.74,53.55,54.45,0.0,False,0.025157,3,GREEN,0.003939,0.024413,0.010515,0.013743,0.01677,0.5006
pharma,Pharma & Healthcare,#ec4899,2018Q4,2.66,1.56,2.37,10.73,1.38,3.43,0.79,-2.32,-5.67,-10.06,3.0,24.34,1181.56,13689.85,6.09,5.17,7.51,6.9,2.44,74.47,106.0,12.18,53.92,54.88,0.0,False,0.025157,3,GREEN,0.011065,0.044853,0.018535,0.018001,0.014423,0.5006
pharma,Pharma & Healthcare,#ec4899,2019Q1,2.48,1.45,2.35,10.23,1.79,3.56,0.84,-1.3,-3.98,-8.82,2.76,20.92,2090.17,13511.82,5.99,5.25,7.65,5.53,2.34,74.64,103.86,11.4,54.48,54.49,0.0,False,0.035826,4,GREEN,0.07766,0.047791,0.004789,0.004082,0.012832,0.5006
pharma,Pharma & Healthcare,#ec4899,2019Q2,2.33,1.32,2.27,10.86,1.29,3.39,0.56,2.44,-0.5,-7.86,2.96,22.1,1752.25,13841.09,6.08,5.08,7.63,4.67,2.2,74.9,102.77,10.51,53.41,53.75,0.0,False,0.018519,2,GREEN,0.073652,0.023147,0.007119,0.00642,0.011142,0.5006
pharma,Pharma & Healthcare,#ec4899,2019Q3,2.34,1.28,2.25,9.99,0.38,3.6,0.85,2.57,1.39,-5.81,3.03,21.69,1647.41,14196.71,6.15,4.57,7.2,3.7,2.14,73.6,99.25,8.45,52.71,52.9,0.0,False,0.085763,9,GREEN,0.172634,0.079029,0.017863,0.019649,0.011798,0.5006
pharma,Pharma & Healthcare,#ec4899,2019Q4,2.15,1.2,2.14,11.09,-0.47,3.54,0.71,4.58,8.29,-7.33,3.13,21.23,2251.84,14847.01,5.97,4.17,6.87,3.03,1.84,72.92,87.82,7.97,52.39,52.19,0.0,False,0.060606,6,GREEN,0.216493,0.104189,0.044904,0.058284,0.009577,0.5006
pharma,Pharma & Healthcare,#ec4899,2020Q1,2.22,1.24,2.02,10.33,-0.69,3.71,0.55,0.46,10.05,-6.64,3.2,22.28,1080.38,14916.02,5.79,3.97,5.38,0.09,1.73,68.88,86.02,-3.91,47.61,48.52,0.0,False,0.018519,2,GREEN,0.136509,0.03234,0.007269,0.010875,0.008767,0.5006
pharma,Pharma & Healthcare,#ec4899,2020Q2,2.39,1.35,2.35,9.81,-2.23,3.41,0.78,1.18,8.79,-7.9,2.78,23.16,380.51,15091.98,5.46,4.13,4.75,-0.33,1.56,67.52,87.82,-3.8,46.35,48.02,0.0,False,0.010987,1,GREEN,0.019838,0.026201,0.013688,0.025032,0.010987,0.5006
pharma,Pharma & Healthcare,#ec4899,2020Q3,2.12,1.25,2.28,10.99,-1.83,3.56,0.71,-0.0,6.22,-9.05,2.81,20.44,1178.45,15091.69,5.32,4.16,4.13,0.57,1.46,66.63,87.85,-3.44,46.34,48.01,0.0,False,0.009179,1,GREEN,0.010078,0.001829,0.002633,0.001952,0.009179,0.5006
pharma,Pharma & Healthcare,#ec4899,2020Q4,2.48,1.45,2.42,9.6,-1.65,3.54,0.85,-0.63,1.01,-7.82,2.83,21.46,906.38,14996.36,5.04,4.25,3.87,5.5,1.28,66.01,87.01,-1.13,46.7,47.79,0.0,False,0.012029,1,GREEN,0.000447,0.005579,0.004584,0.003726,0.012029,0.5006
pharma,Pharma & Healthcare,#ec4899,2021Q1,2.17,1.16,1.95,9.36,-1.87,3.4,0.5,2.29,2.84,-9.0,2.95,22.58,1401.19,15340.33,4.74,4.25,5.14,5.78,1.32,69.07,96.46,10.78,51.74,52.38,0.0,False,0.007716,1,GREEN,0.00197,0.00154,0.002068,0.00081,0.007716,0.5006
pharma,Pharma & Healthcare,#ec4899,2021Q2,2.38,1.26,2.64,9.03,-2.21,3.45,0.52,1.11,2.77,-3.55,2.87,20.37,212.41,15511.12,4.65,4.7,5.42,7.07,1.21,68.1,100.26,11.75,52.06,52.89,0.0,False,0.012089,1,GREEN,0.001606,0.000579,0.001645,0.001034,0.012089,0.5006
pharma,Pharma & Healthcare,#ec4899,2021Q3,2.42,1.36,2.41,10.22,-1.31,3.5,0.63,-0.12,2.66,-8.37,2.96,23.15,467.52,15493.08,4.51,4.96,5.45,6.67,1.11,69.13,100.25,12.1,53.03,53.23,0.0,False,0.011206,1,GREEN,0.006974,0.000957,0.007519,0.00468,0.011206,0.5006
pharma,Pharma & Healthcare,#ec4899,2021Q4,2.4,1.3,2.5,10.2,-0.47,3.56,0.84,1.16,4.45,-8.05,2.87,24.21,1136.01,15672.7,4.4,5.23,5.82,6.82,1.16,69.31,102.55,11.93,53.9,53.92,0.0,False,0.012009,1,GREEN,0.07756,0.019748,0.003152,0.002016,0.012009,0.5006
pharma,Pharma & Healthcare,#ec4899,2022Q1,2.37,1.28,2.54,9.99,0.27,3.38,0.8,0.52,2.67,-10.14,3.06,22.32,962.42,15753.89,4.59,5.51,5.92,5.81,1.64,70.98,105.51,12.08,54.23,54.44,0.0,False,0.025157,3,GREEN,0.006182,0.016657,0.003709,0.002011,0.012156,0.5006
pharma,Pharma & Healthcare,#ec4899,2022Q2,2.24,1.31,2.5,9.62,0.09,3.65,1.05,2.17,3.73,-10.42,2.82,21.79,745.96,16096.28,4.65,6.04,6.45,5.1,1.76,71.92,105.38,9.12,54.08,54.51,0.0,False,0.043676,4,GREEN,0.150104,0.051501,0.012826,0.014577,0.011974,0.5006
pharma,Pharma & Healthcare,#ec4899,2022Q3,2.51,1.41,2.32,10.3,0.95,3.69,0.83,2.74,6.59,-9.16,2.8,23.75,1605.66,16537.94,5.49,6.05,6.95,4.61,1.94,72.82,105.62,6.35,53.73,54.28,0.0,False,0.025157,3,GREEN,0.029386,0.029819,0.010203,0.007945,0.011582,0.5006
pharma,Pharma & Healthcare,#ec4899,2022Q4,2.53,1.43,2.32,9.78,1.0,3.48,0.91,4.54,9.97,-10.94,2.87,21.41,1276.87,17288.49,5.7,5.77,7.08,2.67,2.13,73.79,104.48,5.36,52.82,53.9,0.0,False,0.025157,3,GREEN,0.033535,0.020635,0.013588,0.006405,0.013551,0.5006
pharma,Pharma & Healthcare,#ec4899,2023Q1,2.62,1.4,2.62,10.23,1.13,3.48,0.83,4.31,13.76,-8.28,3.05,24.1,1477.82,18033.48,5.98,5.55,7.49,3.3,2.13,74.2,103.21,4.97,52.18,53.29,0.0,False,0.025157,3,GREEN,0.016979,0.01078,0.007002,0.004571,0.015648,0.5006
pharma,Pharma & Healthcare,#ec4899,2023Q2,2.54,1.42,2.56,10.53,1.34,3.62,0.94,2.72,14.31,-8.46,3.02,23.26,1509.09,18524.27,6.22,5.33,7.35,3.41,2.19,74.85,101.99,6.86,51.37,52.72,0.0,False,0.025157,3,GREEN,0.006761,0.011945,0.00513,0.006081,0.015622,0.5006
pharma,Pharma & Healthcare,#ec4899,2023Q3,2.55,1.37,2.29,8.87,0.52,3.45,0.71,2.0,13.57,-8.98,2.89,20.87,1299.58,18894.86,6.61,4.68,7.37,3.72,2.26,74.39,98.51,9.34,50.88,52.4,0.0,False,0.014338,1,GREEN,0.015831,0.010566,0.004933,0.002655,0.014338,0.5006
pharma,Pharma & Healthcare,#ec4899,2023Q4,2.53,1.46,2.42,11.37,0.34,3.47,0.68,0.79,9.82,-8.22,2.91,20.23,1168.77,19044.09,6.67,4.67,7.18,4.33,2.54,73.6,96.95,11.55,50.5,51.17,0.0,False,0.015248,2,GREEN,0.003198,0.007572,0.00273,0.001957,0.015248,0.5006
pharma,Pharma & Healthcare,#ec4899,2024Q1,2.31,1.29,2.25,9.95,0.08,3.51,0.67,-0.26,5.25,-6.33,2.98,22.63,1857.34,18995.01,6.74,4.53,6.7,6.03,2.58,72.73,93.05,12.25,50.85,51.46,0.0,False,0.012742,1,GREEN,0.004077,0.01302,0.003002,0.001325,0.012742,0.5006
pharma,Pharma & Healthcare,#ec4899,2024Q2,2.29,1.34,2.36,9.56,-1.07,3.54,0.63,-0.18,2.35,-7.0,2.96,18.76,1531.06,18960.72,6.74,4.5,6.69,6.54,2.68,72.18,94.18,12.6,51.48,51.64,0.0,False,0.013234,1,GREEN,0.004232,0.002573,0.002596,0.000953,0.013234,0.5006
pharma,Pharma & Healthcare,#ec4899,2024Q3,2.31,1.27,2.11,9.2,-2.37,3.46,0.56,0.45,0.8,-5.09,3.02,21.64,1225.31,19046.52,6.71,4.69,6.07,7.2,2.71,71.54,93.71,11.75,52.1,52.02,0.0,False,0.011606,1,GREEN,0.001407,0.000579,0.002149,0.00097,0.011606,0.5006
pharma,Pharma & Healthcare,#ec4899,2024Q4,2.4,1.36,2.13,9.36,-1.66,3.68,0.68,0.56,0.57,-9.78,2.97,19.71,1441.46,19153.04,6.52,5.22,5.8,6.89,2.74,69.97,94.48,11.5,52.98,52.44,0.0,False,0.012019,1,GREEN,0.001456,0.000465,0.005246,0.00412,0.012019,0.5006
pharma,Pharma & Healthcare,#ec4899,2025Q1,2.54,1.41,2.49,9.75,-2.45,3.64,0.69,3.15,3.99,-12.57,3.0,23.87,1085.79,19757.27,6.28,5.07,5.61,6.9,2.78,69.0,96.6,8.85,53.66,52.81,,False,0.018882,2,GREEN,0.004769,0.013679,0.001951,0.000977,0.018882,0.5006
pharma,Pharma & Healthcare,#ec4899,2025Q2,2.69,1.48,2.62,8.99,-2.45,3.57,0.98,0.76,4.93,-10.62,2.79,23.53,419.62,19908.14,6.01,5.69,5.43,5.08,2.66,68.58,99.31,7.11,54.1,53.84,,False,0.017751,2,GREEN,0.001346,0.008895,0.003676,0.001036,0.017751,0.5006
power,Power & Energy,#a78bfa,2018Q1,7.64,4.19,4.82,5.49,0.7,1.72,1.23,1.35,1.35,-13.47,0.79,25.77,264.58,9628.32,5.27,5.59,6.03,6.18,2.3,72.39,105.72,8.54,52.24,53.57,0.0,False,0.636915,64,AMBER,0.061437,0.068349,0.009477,0.017114,0.636915,0.5006
power,Power & Energy,#a78bfa,2018Q2,6.97,3.78,4.4,4.91,1.29,1.75,1.02,0.21,1.56,-10.65,0.88,28.45,1168.96,9648.56,5.46,5.28,6.72,6.65,2.41,73.09,105.79,9.26,53.21,54.27,0.0,False,0.418241,42,AMBER,0.223448,0.124046,0.021759,0.020908,0.418241,0.5006
power,Power & Energy,#a78bfa,2018Q3,7.1,4.04,4.44,6.03,0.71,1.85,1.02,-0.08,1.48,-11.42,0.89,28.85,1884.05,9640.87,5.87,5.31,7.18,6.9,2.41,73.63,105.38,10.74,53.55,54.45,0.0,False,0.452415,45,AMBER,0.448546,0.243682,0.028957,0.034324,0.452415,0.5006
power,Power & Energy,#a78bfa,2018Q4,7.53,4.07,4.72,5.35,-0.1,1.73,0.99,-2.25,-0.77,-12.92,0.76,29.45,1306.5,9423.47,6.09,5.17,7.51,6.9,2.44,74.47,106.0,10.13,53.92,54.88,1.0,False,0.616547,62,AMBER,0.707441,0.712547,0.973201,0.969478,0.616547,0.5006
power,Power & Energy,#a78bfa,2019Q1,8.35,4.82,5.19,4.5,-0.12,1.61,1.57,-4.91,-7.03,-16.63,0.76,32.2,742.03,8960.82,5.99,5.25,7.65,5.53,2.34,74.64,103.86,9.05,54.48,54.49,1.0,False,0.843796,84,RED,0.886893,0.773033,0.983153,0.986191,0.843796,0.5006
power,Power & Energy,#a78bfa,2019Q2,9.15,5.15,5.84,1.78,-1.82,1.5,1.92,-5.03,-12.28,-18.13,0.61,32.2,-331.49,8509.64,6.08,5.08,7.63,4.67,2.2,74.9,102.77,7.96,53.41,53.75,0.0,False,0.939847,94,RED,0.657753,0.412106,0.18363,0.168358,0.939847,0.5006
power,Power & Energy,#a78bfa,2019Q3,9.94,5.52,6.33,0.92,-2.09,1.54,2.25,-10.63,-22.82,-17.95,0.45,33.37,-1389.09,7605.46,6.15,4.57,7.2,3.7,2.14,73.6,99.25,5.09,52.71,52.9,0.0,False,0.962146,96,RED,0.313055,0.350329,0.052871,0.076177,0.962146,0.5006
power,Power & Energy,#a78bfa,2019Q4,9.7,5.56,6.1,2.47,-2.03,1.43,2.05,-8.14,-28.71,-17.73,0.45,32.26,-328.72,6986.68,5.97,4.17,6.87,3.03,1.84,72.92,87.82,3.82,52.39,52.19,0.0,False,0.958217,96,RED,0.023378,0.302975,0.052237,0.032243,0.958217,0.5006
power,Power & Energy,#a78bfa,2020Q1,8.34,4.61,5.32,4.89,-2.36,1.71,1.34,-3.85,-27.65,-17.14,0.68,31.1,-111.59,6717.65,5.79,3.97,5.38,0.09,1.73,68.88,86.02,-7.65,47.61,48.52,0.0,False,0.834485,83,RED,0.124687,0.108401,0.010821,0.006295,0.834485,0.5006
power,Power & Energy,#a78bfa,2020Q2,7.25,4.01,4.66,6.48,-2.0,1.55,1.27,0.0,-22.61,-15.0,0.82,29.99,561.38,6717.66,5.46,4.13,4.75,-0.33,1.56,67.52,87.82,-6.94,46.35,48.02,0.0,False,0.64946,65,RED,0.014635,0.022785,0.003571,0.001876,0.64946,0.5006
power,Power & Energy,#a78bfa,2020Q3,7.29,4.11,4.52,6.47,-2.27,1.71,1.08,1.72,-10.27,-7.91,0.97,29.43,854.84,6833.04,5.32,4.16,4.13,0.57,1.46,66.63,87.85,-4.33,46.34,48.01,0.0,False,0.468791,47,AMBER,0.001551,0.000637,0.004742,0.002481,0.468791,0.5006
power,Power & Energy,#a78bfa,2020Q4,7.03,3.72,4.25,5.43,-1.98,1.79,1.08,1.19,-0.94,-8.07,1.01,27.55,917.59,6914.5,5.04,4.25,3.87,5.5,1.28,66.01,87.01,-2.35,46.7,47.79,0.0,False,0.384616,38,GREEN,0.004459,0.000348,0.003498,0.002026,0.384616,0.5006
power,Power & Energy,#a78bfa,2021Q1,7.16,4.18,4.29,6.38,-0.76,1.78,0.92,2.21,5.12,-11.21,0.98,26.0,513.2,7067.31,4.74,4.25,5.14,5.78,1.32,69.07,96.46,10.62,51.74,52.38,0.0,False,0.43029,43,AMBER,0.001232,0.00961,0.005761,0.002705,0.43029,0.5006
power,Power & Energy,#a78bfa,2021Q2,7.05,3.88,4.46,6.2,-0.72,1.84,0.81,0.85,5.97,-10.22,0.81,26.68,1477.55,7127.46,4.65,4.7,5.42,7.07,1.21,68.1,100.26,10.61,52.06,52.89,0.0,False,0.394604,39,GREEN,0.018927,0.021683,0.014098,0.003751,0.394604,0.5006
power,Power & Energy,#a78bfa,2021Q3,6.89,3.88,4.35,7.02,-0.17,1.88,0.99,0.15,4.4,-12.58,0.98,27.62,1097.29,7137.98,4.51,4.96,5.45,6.67,1.11,69.13,100.25,10.97,53.03,53.23,0.0,False,0.416538,42,AMBER,0.468634,0.103978,0.097378,0.081342,0.416538,0.5006
power,Power & Energy,#a78bfa,2021Q4,7.09,3.96,4.42,6.52,0.42,1.75,1.11,0.36,3.57,-11.19,0.97,27.02,400.78,7163.51,4.4,5.23,5.82,6.82,1.16,69.31,102.55,11.3,53.9,53.92,1.0,False,0.452395,45,AMBER,0.82319,0.713488,0.95904,0.971683,0.452395,0.5006
power,Power & Energy,#a78bfa,2022Q1,7.65,4.41,4.83,4.52,0.84,1.73,1.17,-2.79,-1.43,-12.64,0.67,29.22,906.65,6963.95,4.59,5.51,5.92,5.81,1.64,70.98,105.51,10.96,54.23,54.44,1.0,False,0.615147,62,AMBER,0.785428,0.764909,0.964823,0.964891,0.615147,0.5006
power,Power & Energy,#a78bfa,2022Q2,9.6,5.13,6.06,2.59,0.72,1.55,1.92,-7.25,-9.53,-19.15,0.45,32.43,-468.46,6459.03,4.65,6.04,6.45,5.1,1.76,71.92,105.38,7.04,54.08,54.51,1.0,True,0.951892,95,RED,0.942055,0.872627,0.980076,0.986948,0.951892,0.5006
power,Power & Energy,#a78bfa,2022Q3,10.43,5.73,6.85,-0.02,0.07,1.36,2.61,-10.7,-20.38,-21.94,0.45,33.49,-1257.15,5767.95,5.49,6.05,6.95,4.61,1.94,72.82,105.62,3.14,53.73,54.28,1.0,True,0.981751,98,RED,0.939169,0.932397,0.991586,0.995197,0.981751,0.5006
power,Power & Energy,#a78bfa,2022Q4,11.89,6.41,7.37,-0.13,-0.58,1.17,2.52,-8.52,-29.25,-23.76,0.45,34.08,-1222.11,5276.61,5.7,5.77,7.08,2.67,2.13,73.79,104.48,1.28,52.82,53.9,1.0,True,0.994064,99,RED,0.939254,0.961732,0.992539,0.994541,0.994064,0.5006
power,Power & Energy,#a78bfa,2023Q1,12.43,6.98,7.98,-2.66,-1.12,1.16,2.93,-11.75,-38.22,-28.89,0.45,38.06,-1748.7,4656.63,5.98,5.55,7.49,3.3,2.13,74.2,103.21,-0.33,52.18,53.29,1.0,True,0.996296,100,RED,0.940963,0.95381,0.991135,0.997253,0.996296,0.5006
power,Power & Energy,#a78bfa,2023Q2,12.2,6.63,7.72,-3.61,-1.97,1.18,2.97,-7.12,-38.09,-27.77,0.45,38.31,-1986.91,4324.86,6.22,5.33,7.35,3.41,2.19,74.85,101.99,2.08,51.37,52.72,1.0,True,0.996634,100,RED,0.990102,0.981469,0.993196,0.996376,0.996634,0.5006
power,Power & Energy,#a78bfa,2023Q3,11.87,6.57,7.42,-2.7,-2.61,1.12,2.95,-8.14,-35.53,-28.66,0.45,37.98,-2003.09,3972.85,6.61,4.68,7.37,3.72,2.26,74.39,98.51,4.03,50.88,52.4,1.0,True,0.996687,100,RED,1.0,0.991201,0.993597,0.995905,0.996687,0.5006
power,Power & Energy,#a78bfa,2023Q4,10.5,5.88,6.8,-0.87,-1.96,1.29,2.51,-5.86,-32.87,-21.66,0.45,34.8,-1114.13,3740.02,6.67,4.67,7.18,4.33,2.54,73.6,96.95,7.46,50.5,51.17,1.0,True,0.987162,99,RED,0.709455,0.848675,0.984953,0.971826,0.987162,0.5006
power,Power & Energy,#a78bfa,2024Q1,9.73,5.55,6.05,1.37,-2.46,1.39,1.9,-4.74,-25.87,-21.47,0.53,30.68,-1333.79,3562.68,6.74,4.53,6.7,6.03,2.58,72.73,93.05,8.68,50.85,51.46,0.0,True,0.975802,98,RED,0.338642,0.088112,0.018219,0.009453,0.975802,0.5006
power,Power & Energy,#a78bfa,2024Q2,8.31,4.86,5.27,2.3,-3.06,1.75,1.27,-1.87,-20.61,-16.29,0.73,29.2,444.39,3496.16,6.74,4.5,6.69,6.54,2.68,72.18,94.18,10.18,51.48,51.64,0.0,False,0.837399,84,RED,0.022908,0.009617,0.003953,0.002095,0.837399,0.5006
power,Power & Energy,#a78bfa,2024Q3,7.84,4.6,4.97,3.16,-2.47,1.82,1.43,-2.3,-14.76,-13.38,0.62,27.84,768.3,3415.91,6.71,4.69,6.07,7.2,2.71,71.54,93.71,8.55,52.1,52.02,0.0,False,0.713699,71,RED,0.002654,0.001409,0.003583,0.001755,0.713699,0.5006
power,Power & Energy,#a78bfa,2024Q4,7.9,4.4,4.86,3.01,-2.56,1.53,1.22,-5.32,-14.22,-12.27,0.74,29.39,349.11,3234.33,6.52,5.22,5.8,6.89,2.74,69.97,94.48,8.77,52.98,52.44,0.0,False,0.729647,73,RED,0.005756,0.013991,0.003755,0.002156,0.729647,0.5006
power,Power & Energy,#a78bfa,2025Q1,7.73,4.44,4.94,4.28,-2.09,1.58,1.11,-2.59,-12.07,-11.71,0.83,29.53,259.8,3150.58,6.28,5.07,5.61,6.9,2.78,69.0,96.6,6.96,53.66,52.81,,False,0.684278,68,RED,0.006876,0.009017,0.00298,0.001912,0.684278,0.5006
power,Power & Energy,#a78bfa,2025Q2,7.96,4.45,4.95,5.42,-1.52,1.71,1.25,-2.79,-12.99,-13.72,0.85,32.61,61.59,3062.64,6.01,5.69,5.43,5.08,2.66,68.58,99.31,5.22,54.1,53.84,,False,0.717396,72,RED,0.004991,0.048493,0.005723,0.00827,0.717396,0.5006
real_estate,Real Estate,#ef4444,2018Q1,9.48,5.09,5.5,5.17,0.87,1.44,1.19,0.9,0.9,-10.24,0.74,30.32,471.11,9081.0,5.27,5.59,6.03,6.18,2.3,72.39,105.72,8.75,52.24,53.57,0.0,False,0.854748,85,RED,0.117963,0.243688,0.076948,0.11108,0.854748,0.5006
real_estate,Real Estate,#ef4444,2018Q2,8.83,5.18,5.31,6.2,1.71,1.69,0.99,2.58,3.48,-10.35,0.82,29.19,1850.29,9314.97,5.46,5.28,6.72,6.65,2.41,73.09,105.79,8.33,53.21,54.27,0.0,False,0.746494,75,RED,0.581655,0.30936,0.093073,0.057919,0.746494,0.5006
real_estate,Real Estate,#ef4444,2018Q3,9.51,5.23,5.64,6.2,0.54,1.51,0.96,0.03,3.51,-14.08,0.78,29.47,867.06,9317.71,5.87,5.31,7.18,6.9,2.41,73.63,105.38,8.25,53.55,54.45,0.0,False,0.901151,90,RED,0.939959,0.567835,0.249943,0.302701,0.901151,0.5006
real_estate,Real Estate,#ef4444,2018Q4,9.18,5.08,5.27,6.43,-0.75,1.68,0.97,1.53,5.03,-6.43,0.92,28.81,1031.53,9460.11,6.09,5.17,7.51,6.9,2.44,74.47,106.0,9.36,53.92,54.88,1.0,False,0.790772,79,RED,0.83136,0.806579,0.959908,0.977514,0.790772,0.5006
real_estate,Real Estate,#ef4444,2019Q1,9.55,5.4,5.47,7.18,-0.98,1.76,1.01,2.55,6.69,-9.88,0.86,28.39,948.82,9701.78,5.99,5.25,7.65,5.53,2.34,74.64,103.86,8.81,54.48,54.49,1.0,False,0.8206,82,RED,0.770823,0.744479,0.943173,0.970778,0.8206,0.5006
real_estate,Real Estate,#ef4444,2019Q2,10.79,5.99,6.1,3.1,-2.38,1.25,1.42,-1.67,2.44,-14.06,0.45,30.79,516.63,9539.51,6.08,5.08,7.63,4.67,2.2,74.9,102.77,8.07,53.41,53.75,1.0,False,0.967969,97,RED,0.882127,0.768095,0.97347,0.982652,0.967969,0.5006
real_estate,Real Estate,#ef4444,2019Q3,11.99,6.37,7.28,0.91,-2.65,1.14,2.04,-6.38,-3.97,-20.63,0.45,31.94,-452.64,8930.95,6.15,4.57,7.2,3.7,2.14,73.6,99.25,3.89,52.71,52.9,1.0,True,0.99256,99,RED,0.883114,0.852004,0.985604,0.987288,0.99256,0.5006
real_estate,Real Estate,#ef4444,2019Q4,13.86,7.33,8.11,-3.39,-3.76,0.78,2.66,-12.83,-18.32,-23.31,0.45,35.62,-2015.73,7785.37,5.97,4.17,6.87,3.03,1.84,72.92,87.82,2.4,52.39,52.19,1.0,True,0.996257,100,RED,0.995708,0.912726,0.99403,0.998041,0.996257,0.5006
real_estate,Real Estate,#ef4444,2020Q1,15.51,8.57,9.23,-7.35,-4.14,0.76,3.19,-14.62,-35.5,-28.34,0.45,36.27,-3855.8,6647.39,5.79,3.97,5.38,0.09,1.73,68.88,86.02,-11.24,47.61,48.52,1.0,True,0.997651,100,RED,0.991,0.927729,0.993587,0.995257,0.997651,0.5006
real_estate,Real Estate,#ef4444,2020Q2,15.38,8.54,9.11,-7.58,-4.42,0.38,3.19,-14.46,-48.28,-30.57,0.45,40.29,-3412.9,5686.08,5.46,4.13,4.75,-0.33,1.56,67.52,87.82,-12.47,46.35,48.02,1.0,True,0.997541,100,RED,0.957375,0.938101,0.992655,0.996794,0.997541,0.5006
real_estate,Real Estate,#ef4444,2020Q3,15.09,8.28,8.96,-4.66,-3.83,0.8,2.91,-11.04,-52.95,-31.31,0.45,39.84,-3118.82,5058.34,5.32,4.16,4.13,0.57,1.46,66.63,87.85,-9.03,46.34,48.01,1.0,True,0.996909,100,RED,0.957884,0.952247,0.991644,0.996146,0.996909,0.5006
real_estate,Real Estate,#ef4444,2020Q4,13.84,7.46,8.33,-3.14,-3.13,0.76,2.66,-8.37,-48.49,-28.12,0.45,35.45,-2413.04,4634.94,5.04,4.25,3.87,5.5,1.28,66.01,87.01,-7.25,46.7,47.79,1.0,True,0.996458,100,RED,0.89674,0.892572,0.990464,0.995888,0.996458,0.5006
real_estate,Real Estate,#ef4444,2021Q1,11.71,6.25,6.97,1.44,-1.33,1.1,1.89,-5.65,-39.52,-21.8,0.45,32.25,-1449.69,4373.17,4.74,4.25,5.14,5.78,1.32,69.07,96.46,7.06,51.74,52.38,0.0,True,0.991423,99,RED,0.030525,0.074595,0.058652,0.08951,0.991423,0.5006
real_estate,Real Estate,#ef4444,2021Q2,10.52,5.79,6.1,3.68,-0.08,1.36,1.17,-3.52,-28.58,-14.37,0.73,28.08,185.84,4219.19,4.65,4.7,5.42,7.07,1.21,68.1,100.26,8.91,52.06,52.89,0.0,False,0.953999,95,RED,0.000103,0.009137,0.005611,0.002827,0.953999,0.5006
real_estate,Real Estate,#ef4444,2021Q3,9.9,5.71,5.66,4.65,-0.08,1.25,1.29,-3.07,-20.61,-13.32,0.6,28.31,270.16,4089.79,4.51,4.96,5.45,6.67,1.11,69.13,100.25,9.3,53.03,53.23,0.0,False,0.929367,93,RED,0.040688,0.044825,0.021395,0.007233,0.929367,0.5006
real_estate,Real Estate,#ef4444,2021Q4,9.82,5.39,5.72,5.36,1.49,1.39,1.1,-0.5,-12.73,-9.24,0.63,29.35,1143.04,4069.37,4.4,5.23,5.82,6.82,1.16,69.31,102.55,9.4,53.9,53.92,0.0,False,0.887288,89,RED,0.162925,0.101395,0.031083,0.013008,0.887288,0.5006
real_estate,Real Estate,#ef4444,2022Q1,9.77,5.7,5.61,5.45,1.02,1.48,1.11,-3.68,-10.76,-10.49,0.98,27.57,747.94,3919.76,4.59,5.51,5.92,5.81,1.64,70.98,105.51,8.74,54.23,54.44,0.0,False,0.874791,87,RED,0.46433,0.1641,0.013936,0.012366,0.874791,0.5006
real_estate,Real Estate,#ef4444,2022Q2,9.82,5.54,5.77,6.26,1.11,1.6,0.81,-0.3,-7.54,-10.66,0.83,28.2,448.52,3908.09,4.65,6.04,6.45,5.1,1.76,71.92,105.38,6.93,54.08,54.51,0.0,False,0.869438,87,RED,0.94731,0.28272,0.071619,0.055492,0.869438,0.5006
real_estate,Real Estate,#ef4444,2022Q3,10.02,5.76,5.95,3.94,1.0,1.48,1.18,-4.51,-8.98,-11.37,0.51,30.92,141.24,3731.85,5.49,6.05,6.95,4.61,1.94,72.82,105.62,3.28,53.73,54.28,0.0,False,0.912029,91,RED,0.873211,0.525194,0.154166,0.135515,0.912029,0.5006
real_estate,Real Estate,#ef4444,2022Q4,9.58,5.37,5.53,5.48,0.1,1.65,1.12,-1.13,-9.62,-11.76,0.64,29.95,330.95,3689.56,5.7,5.77,7.08,2.67,2.13,73.79,104.48,3.34,52.82,53.9,1.0,False,0.859281,86,RED,0.83459,0.731463,0.955489,0.950188,0.859281,0.5006
real_estate,Real Estate,#ef4444,2023Q1,9.96,5.87,5.64,5.2,0.19,1.59,1.09,0.32,-5.62,-12.0,0.74,29.16,923.96,3701.36,5.98,5.55,7.49,3.3,2.13,74.2,103.21,1.26,52.18,53.29,1.0,False,0.899499,90,RED,0.734381,0.726207,0.944268,0.948657,0.899499,0.5006
real_estate,Real Estate,#ef4444,2023Q2,12.33,6.67,7.19,-0.49,-1.42,1.15,1.92,-4.63,-9.95,-21.95,0.45,32.98,-53.14,3529.98,6.22,5.33,7.35,3.41,2.19,74.85,101.99,1.84,51.37,52.72,1.0,True,0.993604,99,RED,0.968733,0.94305,0.992179,0.996773,0.993604,0.5006
real_estate,Real Estate,#ef4444,2023Q3,13.73,7.97,8.1,-2.46,-2.47,0.85,2.31,-8.71,-14.16,-24.47,0.45,36.25,-1668.87,3222.46,6.61,4.68,7.37,3.72,2.26,74.39,98.51,4.75,50.88,52.4,1.0,True,0.996721,100,RED,0.998568,0.991128,0.997214,0.998491,0.996721,0.5006
real_estate,Real Estate,#ef4444,2023Q4,14.06,7.34,8.22,-4.33,-3.44,0.57,2.82,-6.16,-19.18,-26.81,0.45,38.23,-2108.85,3023.89,6.67,4.67,7.18,4.33,2.54,73.6,96.95,5.18,50.5,51.17,1.0,True,0.997489,100,RED,0.997864,0.992455,0.9971,0.998259,0.997489,0.5006
real_estate,Real Estate,#ef4444,2024Q1,13.96,7.82,8.31,-4.95,-3.74,0.68,2.74,-9.1,-28.6,-28.58,0.45,35.37,-2502.15,2748.83,6.74,4.53,6.7,6.03,2.58,72.73,93.05,6.59,50.85,51.46,1.0,True,0.997587,100,RED,0.996649,0.97765,0.995862,0.997552,0.997587,0.5006
real_estate,Real Estate,#ef4444,2024Q2,13.32,7.05,7.7,-2.19,-3.44,0.92,2.33,-8.26,-32.23,-23.02,0.45,34.44,-1047.13,2521.68,6.74,4.5,6.69,6.54,2.68,72.18,94.18,6.42,51.48,51.64,1.0,True,0.996262,100,RED,0.889302,0.967952,0.994231,0.995516,0.996262,0.5006
real_estate,Real Estate,#ef4444,2024Q3,11.53,6.64,6.77,0.73,-2.29,1.17,1.62,-5.24,-28.77,-20.02,0.45,32.98,-848.08,2389.45,6.71,4.69,6.07,7.2,2.71,71.54,93.71,7.18,52.1,52.02,0.0,True,0.990234,99,RED,0.179358,0.163017,0.081426,0.026644,0.990234,0.5006
real_estate,Real Estate,#ef4444,2024Q4,10.48,6.12,6.05,2.52,-1.74,1.33,1.63,-1.69,-24.29,-16.9,0.62,29.69,-425.99,2349.12,6.52,5.22,5.8,6.89,2.74,69.97,94.48,7.02,52.98,52.44,0.0,False,0.97299,97,RED,0.002987,0.010497,0.006083,0.002606,0.97299,0.5006
real_estate,Real Estate,#ef4444,2025Q1,10.21,5.63,5.96,2.64,-1.19,1.25,1.69,-5.15,-20.35,-13.6,0.54,32.81,481.48,2228.1,6.28,5.07,5.61,6.9,2.78,69.0,96.6,5.22,53.66,52.81,,False,0.95848,96,RED,0.006727,0.017015,0.00688,0.006464,0.95848,0.5006
real_estate,Real Estate,#ef4444,2025Q2,10.43,5.81,5.98,4.03,-0.63,1.31,1.15,-6.0,-18.09,-13.1,0.7,32.5,-837.95,2094.37,6.01,5.69,5.43,5.08,2.66,68.58,99.31,3.63,54.1,53.84,,False,0.952706,95,RED,0.013326,0.046408,0.012005,0.008834,0.952706,0.5006
telecom,Telecom,#84cc16,2018Q1,6.02,3.22,4.21,5.24,0.73,1.8,1.04,0.8,0.8,-12.18,1.02,32.21,43.78,10583.48,5.27,5.59,6.03,6.18,2.3,72.39,105.72,8.7,52.24,53.57,0.0,False,0.311382,31,GREEN,0.02571,0.031235,0.004556,0.008606,0.311382,0.5006
telecom,Telecom,#84cc16,2018Q2,5.61,2.94,4.0,7.08,1.32,2.18,0.77,1.96,2.75,-9.73,1.04,30.39,673.3,10790.5,5.46,5.28,6.72,6.65,2.41,73.09,105.79,9.76,53.21,54.27,0.0,False,0.148468,15,GREEN,0.081717,0.055264,0.029457,0.044914,0.148468,0.5006
telecom,Telecom,#84cc16,2018Q3,5.71,3.09,3.64,6.04,1.42,2.06,0.6,3.49,6.24,-9.58,1.05,31.11,1029.33,11166.63,5.87,5.31,7.18,6.9,2.41,73.63,105.38,10.96,53.55,54.45,0.0,False,0.153434,15,GREEN,0.193611,0.103996,0.08701,0.070709,0.153434,0.5006
telecom,Telecom,#84cc16,2018Q4,5.61,3.09,4.01,6.8,1.11,2.11,0.78,1.8,8.03,-11.32,1.14,29.68,1579.74,11367.28,6.09,5.17,7.51,6.9,2.44,74.47,106.0,10.97,53.92,54.88,0.0,False,0.195434,20,GREEN,0.34691,0.130973,0.057837,0.048657,0.195434,0.5006
telecom,Telecom,#84cc16,2019Q1,4.6,2.43,3.36,7.82,0.61,2.26,0.77,1.81,9.05,-7.11,1.23,28.01,751.86,11572.81,5.99,5.25,7.65,5.53,2.34,74.64,103.86,10.12,54.48,54.49,1.0,False,0.360399,36,GREEN,0.550717,0.608586,0.911801,0.951659,0.072454,0.5006
telecom,Telecom,#84cc16,2019Q2,5.42,2.97,3.77,7.27,0.44,2.07,0.85,0.85,7.94,-6.05,1.04,28.82,1998.53,11671.42,6.08,5.08,7.63,4.67,2.2,74.9,102.77,10.2,53.41,53.75,0.0,False,0.15284,15,GREEN,0.071508,0.052827,0.053911,0.045095,0.15284,0.5006
telecom,Telecom,#84cc16,2019Q3,6.55,3.48,4.55,5.07,-1.27,1.9,1.53,-1.11,3.35,-12.52,0.93,31.86,706.33,11542.27,6.15,4.57,7.2,3.7,2.14,73.6,99.25,6.14,52.71,52.9,0.0,False,0.44829,45,AMBER,0.043575,0.094926,0.050396,0.044256,0.44829,0.5006
telecom,Telecom,#84cc16,2019Q4,6.79,3.82,4.79,3.17,-2.05,1.84,1.78,-4.96,-3.41,-16.37,0.82,34.58,-1050.59,10969.85,5.97,4.17,6.87,3.03,1.84,72.92,87.82,4.49,52.39,52.19,0.0,False,0.618122,62,AMBER,0.554369,0.140174,0.050687,0.061202,0.618122,0.5006
telecom,Telecom,#84cc16,2020Q1,6.42,3.64,4.13,5.22,-2.06,1.99,1.35,-1.39,-6.6,-12.87,1.1,29.96,-39.13,10817.3,5.79,3.97,5.38,0.09,1.73,68.88,86.02,-7.25,47.61,48.52,0.0,False,0.344663,34,GREEN,0.023952,0.029133,0.00275,0.003148,0.344663,0.5006
telecom,Telecom,#84cc16,2020Q2,5.07,2.68,3.4,6.56,-2.59,1.75,0.71,-0.05,-7.51,-11.24,1.28,28.8,1155.33,10811.48,5.46,4.13,4.75,-0.33,1.56,67.52,87.82,-5.82,46.35,48.02,0.0,False,0.145211,15,GREEN,0.031447,0.025719,0.003688,0.002605,0.145211,0.5006
telecom,Telecom,#84cc16,2020Q3,5.07,2.97,3.46,6.43,-2.1,2.03,0.59,3.61,-2.79,-7.12,1.18,29.12,987.25,11201.88,5.32,4.16,4.13,0.57,1.46,66.63,87.85,-4.4,46.34,48.01,0.0,False,0.102784,10,GREEN,0.002204,0.000868,0.002582,0.002658,0.102784,0.5006
telecom,Telecom,#84cc16,2020Q4,5.29,2.78,3.5,5.49,-2.21,2.06,0.71,5.48,7.64,-7.1,1.28,30.3,1638.65,11815.34,5.04,4.25,3.87,5.5,1.28,66.01,87.01,-2.42,46.7,47.79,0.0,False,0.11439,11,GREEN,0.006004,0.000465,0.006358,0.003907,0.11439,0.5006
telecom,Telecom,#84cc16,2021Q1,4.66,2.65,3.37,7.0,-1.56,2.16,0.76,3.28,12.31,-10.25,1.12,30.97,1075.63,12203.0,4.74,4.25,5.14,5.78,1.32,69.07,96.46,10.04,51.74,52.38,0.0,False,0.076327,8,GREEN,0.007501,0.011105,0.002012,0.00324,0.076327,0.5006
telecom,Telecom,#84cc16,2021Q2,5.25,2.75,3.53,5.68,-1.72,2.01,0.76,2.39,14.76,-8.53,1.18,28.63,872.98,12494.49,4.65,4.7,5.42,7.07,1.21,68.1,100.26,10.71,52.06,52.89,0.0,False,0.119905,12,GREEN,0.00457,0.008413,0.002273,0.00336,0.119905,0.5006
telecom,Telecom,#84cc16,2021Q3,5.46,2.85,3.83,6.56,-0.27,1.99,0.61,0.23,11.38,-7.69,1.21,30.0,798.75,12523.79,4.51,4.96,5.45,6.67,1.11,69.13,100.25,11.19,53.03,53.23,0.0,False,0.14889,15,GREEN,0.044265,0.013561,0.012126,0.006792,0.14889,0.5006
telecom,Telecom,#84cc16,2021Q4,5.45,3.13,3.63,7.38,-0.2,1.99,1.03,0.36,6.27,-9.71,1.18,29.71,-100.49,12569.39,4.4,5.23,5.82,6.82,1.16,69.31,102.55,10.49,53.9,53.92,0.0,False,0.144509,14,GREEN,0.086658,0.061062,0.011987,0.010567,0.144509,0.5006
telecom,Telecom,#84cc16,2022Q1,5.52,3.04,3.81,7.06,0.5,1.93,0.96,-2.26,0.73,-10.1,1.1,32.6,-11.51,12285.2,4.59,5.51,5.92,5.81,1.64,70.98,105.51,10.56,54.23,54.44,0.0,False,0.168682,17,GREEN,0.099394,0.070141,0.040551,0.031826,0.168682,0.5006
telecom,Telecom,#84cc16,2022Q2,5.63,2.96,3.96,6.82,0.98,2.0,0.96,-1.8,-3.46,-10.41,1.08,30.44,1327.41,12064.54,4.65,6.04,6.45,5.1,1.76,71.92,105.38,7.76,54.08,54.51,0.0,False,0.18183,18,GREEN,0.092114,0.098001,0.019698,0.012446,0.18183,0.5006
telecom,Telecom,#84cc16,2022Q3,5.46,2.93,3.89,6.58,1.37,1.92,1.2,-1.59,-5.28,-10.21,1.16,29.01,917.69,11872.91,5.49,6.05,6.95,4.61,1.94,72.82,105.62,5.03,53.73,54.28,0.0,False,0.178873,18,GREEN,0.032804,0.101643,0.018578,0.020118,0.178873,0.5006
telecom,Telecom,#84cc16,2022Q4,6.1,3.24,4.23,7.37,1.31,1.97,1.08,-1.57,-7.21,-7.25,1.12,26.88,1097.1,11686.6,5.7,5.77,7.08,2.67,2.13,73.79,104.48,4.76,52.82,53.9,0.0,False,0.252876,25,GREEN,0.01121,0.05397,0.013743,0.004847,0.252876,0.5006
telecom,Telecom,#84cc16,2023Q1,6.6,3.75,4.41,3.59,0.49,1.88,1.42,0.49,-4.47,-16.02,0.92,32.33,-190.4,11743.3,5.98,5.55,7.49,3.3,2.13,74.2,103.21,2.18,52.18,53.29,0.0,False,0.515911,52,AMBER,0.093452,0.079456,0.003139,0.006398,0.515911,0.5006
telecom,Telecom,#84cc16,2023Q2,5.8,3.06,4.04,4.74,-0.73,2.04,1.05,3.32,0.65,-13.26,1.09,31.53,886.56,12133.61,6.22,5.33,7.35,3.41,2.19,74.85,101.99,4.96,51.37,52.72,0.0,False,0.27508,28,GREEN,0.140755,0.029023,0.042459,0.031845,0.27508,0.5006
telecom,Telecom,#84cc16,2023Q3,5.29,2.85,3.62,7.27,-0.2,1.94,1.04,2.54,4.78,-10.22,1.16,29.47,1309.49,12442.07,6.61,4.68,7.37,3.72,2.26,74.39,98.51,7.92,50.88,52.4,0.0,False,0.173874,17,GREEN,0.042209,0.015679,0.0028,0.00584,0.173874,0.5006
telecom,Telecom,#84cc16,2023Q4,4.96,2.63,3.11,8.42,-0.62,2.13,0.48,3.07,9.42,-8.87,1.35,28.0,1998.35,12823.92,6.67,4.67,7.18,4.33,2.54,73.6,96.95,10.31,50.5,51.17,0.0,False,0.093532,9,GREEN,0.025955,0.00904,0.004278,0.007055,0.093532,0.5006
telecom,Telecom,#84cc16,2024Q1,5.0,2.83,3.59,5.52,-1.7,1.88,0.56,1.04,9.97,-10.76,1.16,26.51,996.53,12957.16,6.74,4.53,6.7,6.03,2.58,72.73,93.05,11.32,50.85,51.46,0.0,False,0.16012,16,GREEN,0.038949,0.005165,0.01269,0.005968,0.16012,0.5006
telecom,Telecom,#84cc16,2024Q2,5.11,2.71,3.35,5.83,-2.13,2.04,0.78,2.51,9.16,-6.55,1.16,28.87,1319.9,13282.6,6.74,4.5,6.69,6.54,2.68,72.18,94.18,11.3,51.48,51.64,0.0,False,0.127676,13,GREEN,0.006949,0.000579,0.004337,0.003267,0.127676,0.5006
telecom,Telecom,#84cc16,2024Q3,5.52,3.1,3.65,7.19,-2.61,1.95,0.67,-0.61,6.01,-11.04,1.25,29.89,1377.71,13202.13,6.71,4.69,6.07,7.2,2.71,71.54,93.71,9.48,52.1,52.02,0.0,False,0.198253,20,GREEN,0.006162,0.005579,0.0022,0.001637,0.198253,0.5006
telecom,Telecom,#84cc16,2024Q4,5.58,2.98,3.77,7.02,-2.31,1.85,0.95,-3.87,-0.92,-12.07,1.03,29.42,1151.01,12691.53,6.52,5.22,5.8,6.89,2.74,69.97,94.48,9.81,52.98,52.44,0.0,False,0.250271,25,GREEN,0.000524,0.0034,0.00253,0.001258,0.250271,0.5006
telecom,Telecom,#84cc16,2025Q1,5.77,3.09,3.86,5.66,-2.46,1.91,1.05,-2.66,-4.63,-10.06,1.22,30.03,1117.07,12353.34,6.28,5.07,5.61,6.9,2.78,69.0,96.6,7.29,53.66,52.81,,False,0.222441,22,GREEN,0.000117,0.009875,0.003642,0.001682,0.222441,0.5006
telecom,Telecom,#84cc16,2025Q2,5.54,3.17,3.76,4.79,-1.94,1.97,1.21,-1.46,-8.6,-12.04,0.89,30.61,498.26,12173.06,6.01,5.69,5.43,5.08,2.66,68.58,99.31,5.56,54.1,53.84,,False,0.212808,21,GREEN,0.00058,0.018999,0.005684,0.001767,0.212808,0.5006
